"","Comp","CompType","EarlyResponse","LateResponse","SpeakerEarly","SpeakerLate","TransformEarly","TransformLate","ParticipantID","EarlyTVJ","LateTVJ","EarlyPrior","LatePrior","GenPrior","EarlyShift","LateShift","CompBorderline","Skill","ChampFam","ChampFam_total","Participant","UnextremeEarly","UnextremeLate","ProbitEarly","ProbitLate","Skill_Index","ChampFam_total_index","AgreeEarly","AgreeLate","Early_psi_bern","Late_psi_bern"
"1",1,1,0.65,0.5,0,0,0.15,0,1,1,1,0.65,0.55,0.6,0,-0.05,1,"Silver",5,"91-120",1,0.65,0.5,0.385320466407568,0,1,4,99,99,0,0
"2",7,4,0.55,0.65,1,1,0.05,0.15,1,0,1,0.4,0.65,0.6,0.15,0,1,"Silver",4,"91-120",1,0.55,0.65,0.125661346855074,0.385320466407568,1,4,0,1,0.024,0
"3",3,2,0.7,0.35,1,0,0.2,0.15,1,1,0,0.7,0.45,0.55,0,-0.1,2,"Silver",5,"91-120",1,0.7,0.35,0.524400512708041,-0.385320466407568,1,4,1,99,0,0
"4",5,3,0.55,0.4,1,0,0.05,0.1,1,0,1,0.3,0.6,0.45,0.25,-0.2,3,"Silver",4,"91-120",1,0.55,0.4,0.125661346855074,-0.2533471031358,1,4,0,99,0.000666666666666667,0
"5",6,3,0.5,0.75,0,1,0,0.25,1,1,1,0.65,0.75,0.65,-0.15,0,3,"Silver",5,"91-120",1,0.5,0.75,0,0.674489750196082,1,4,99,1,0,0
"6",10,5,0.35,0.65,0,1,0.15,0.15,1,1,0,0.65,0.4,0.55,-0.3,0.25,2,"Silver",5,"91-120",1,0.35,0.65,-0.385320466407568,0.385320466407568,1,4,99,0,0,0.00133333333333333
"7",8,4,0.35,0.5,0,0,0.15,0,1,1,1,0.4,0.65,0.55,-0.05,-0.15,1,"Silver",4,"91-120",1,0.35,0.5,-0.385320466407568,0,1,4,99,99,0,0
"8",11,6,0.25,0.15,0,0,0.25,0.35,1,0,0,0.45,0.35,0.4,-0.2,-0.2,3,"Silver",4,"91-120",1,0.25,0.15,-0.674489750196082,-1.03643338949379,1,4,99,99,0,0
"9",9,5,0.6,0.3,1,0,0.1,0.2,1,0,1,0.3,0.5,0.45,0.3,-0.2,2,"Silver",5,"91-120",1,0.6,0.3,0.2533471031358,-0.524400512708041,1,4,0,99,0,0
"10",12,6,0.7,0.55,1,1,0.2,0.05,1,1,0,0.7,0.4,0.55,0,0.15,3,"Silver",5,"91-120",1,0.7,0.55,0.524400512708041,0.125661346855074,1,4,1,0,0,0.019
"11",2,1,0.6,0.7,1,1,0.1,0.2,1,0,1,0.35,0.7,0.5,0.25,0,1,"Silver",4,"91-120",1,0.6,0.7,0.2533471031358,0.524400512708041,1,4,0,1,0.00133333333333333,0
"12",4,2,0.4,0.65,0,1,0.1,0.15,1,1,1,0.6,0.7,0.65,-0.2,-0.0499999999999999,2,"Silver",5,"91-120",1,0.4,0.65,-0.2533471031358,0.385320466407568,1,4,99,1,0,0
"13",5,3,0.37,0.68,0,1,0.13,0.18,2,1,1,0.47,0.88,0.81,-0.1,-0.2,3,"Gold",5,"121-150",2,0.37,0.68,-0.331853346436817,0.467698799114508,2,5,99,1,0,0
"14",1,1,0.65,0.16,1,1,0.15,0.34,2,1,0,0.75,0.34,0.52,-0.1,-0.18,1,"Gold",5,"121-150",2,0.65,0.16,0.385320466407568,-0.994457883209753,2,5,1,0,0,0.991666666666667
"15",10,5,0.57,0.21,1,0,0.07,0.29,2,0,0,0.59,0.4,0.25,-0.02,-0.19,2,"Gold",5,"121-150",2,0.57,0.21,0.176374164780861,-0.80642124701824,2,5,0,99,0.33,0
"16",8,4,0.73,0.48,0,0,0.23,0.02,2,0,1,0.39,0.76,0.76,0.34,-0.28,1,"Gold",5,"121-150",2,0.73,0.48,0.612812991016627,-0.0501535834647337,2,5,99,99,0,0
"17",7,4,0.53,0.57,1,1,0.03,0.07,2,0,1,0.26,0.87,0.67,0.27,-0.3,1,"Gold",5,"121-150",2,0.53,0.57,0.0752698620998299,0.176374164780861,2,5,0,1,0.000666666666666667,0
"18",9,5,0.53,0.55,0,1,0.03,0.05,2,1,0,0.73,0.28,0.39,-0.2,0.27,2,"Gold",5,"121-150",2,0.53,0.55,0.0752698620998299,0.125661346855074,2,5,99,0,0,0.000666666666666667
"19",12,6,0.42,0.52,1,1,0.08,0.02,2,1,0,0.77,0.35,0.53,-0.35,0.17,3,"Gold",5,"121-150",2,0.42,0.52,-0.201893479141851,0.0501535834647337,2,5,1,0,0,0.0433333333333333
"20",11,6,0.48,0.64,0,0,0.02,0.14,2,1,0,0.7,0.4,0.52,-0.22,0.24,3,"Gold",5,"121-150",2,0.48,0.64,-0.0501535834647337,0.358458793251194,2,5,99,99,0,0
"21",2,1,0.44,0.63,0,0,0.06,0.13,2,0,1,0.24,0.69,0.49,0.2,-0.0599999999999999,1,"Gold",5,"121-150",2,0.44,0.63,-0.150969215496777,0.331853346436817,2,5,99,99,0,0
"22",4,2,0.57,0.35,1,0,0.07,0.15,2,1,1,0.69,0.82,0.6,-0.12,-0.47,2,"Gold",5,"121-150",2,0.57,0.35,0.176374164780861,-0.385320466407568,2,5,1,99,0,0
"23",3,2,0.41,0.53,0,1,0.09,0.03,2,0,0,0.5,0.49,0.36,-0.09,0.04,2,"Gold",5,"121-150",2,0.41,0.53,-0.227544976641149,0.0752698620998299,2,5,99,0,0,0.285666666666667
"24",6,3,0.39,0.67,1,0,0.11,0.17,2,0,1,0.33,0.69,0.69,0.06,-0.0199999999999999,3,"Gold",5,"121-150",2,0.39,0.67,-0.279319034447454,0.439913165673234,2,5,0,99,0.444333333333333,0
"25",5,3,0.54,0.22,1,0,0.04,0.28,3,1,1,0.71,0.74,0.6,-0.17,-0.52,3,"Gold",5,"91-120",3,0.54,0.22,0.10043372051147,-0.772193214188685,2,4,1,99,0,0
"26",3,2,0.1,0.11,1,1,0.4,0.39,3,0,0,0.21,0.43,0.37,-0.11,-0.32,2,"Gold",5,"91-120",3,0.1,0.11,-1.2815515655446,-1.22652812003661,2,4,0,0,1,1
"27",2,1,0.47,0.38,0,0,0.03,0.12,3,1,1,0.87,0.73,0.81,-0.4,-0.35,1,"Gold",5,"91-120",3,0.47,0.38,-0.0752698620998299,-0.305480788099397,2,4,99,99,0,0
"28",10,5,0.72,0.34,1,0,0.22,0.16,3,0,1,0.53,0.67,0.57,0.19,-0.33,2,"Gold",5,"91-120",3,0.72,0.34,0.582841507271216,-0.412463129441405,2,4,0,99,0.0363333333333333,0
"29",7,4,0.31,0.37,0,0,0.19,0.13,3,1,1,0.81,0.69,0.75,-0.5,-0.32,1,"Gold",5,"91-120",3,0.31,0.37,-0.495850347347453,-0.331853346436817,2,4,99,99,0,0
"30",11,6,0.73,0.29,1,0,0.23,0.21,3,1,0,0.85,0.57,0.68,-0.12,-0.28,3,"Gold",5,"91-120",3,0.73,0.29,0.612812991016627,-0.553384719555673,2,4,1,99,0,0
"31",6,3,0.33,0.72,0,1,0.17,0.22,3,0,1,0.41,0.71,0.62,-0.08,0.01,3,"Gold",5,"91-120",3,0.33,0.72,-0.439913165673234,0.582841507271216,2,4,99,1,0,0
"32",12,6,0.22,0.68,0,1,0.28,0.18,3,0,0,0.26,0.26,0.64,-0.04,0.42,3,"Gold",5,"91-120",3,0.22,0.68,-0.772193214188685,0.467698799114508,2,4,99,0,0,0
"33",8,4,0.66,0.64,1,1,0.16,0.14,3,0,0,0.36,0.3,0.34,0.3,0.34,1,"Gold",5,"91-120",3,0.66,0.64,0.412463129441405,0.358458793251194,2,4,0,0,0.000333333333333333,0
"34",1,1,0.82,0.72,1,1,0.32,0.22,3,1,1,0.84,0.75,0.81,-0.02,-0.03,1,"Gold",5,"91-120",3,0.82,0.72,0.915365087842814,0.582841507271216,2,4,1,1,0,0
"35",4,2,0.4,0.44,0,0,0.1,0.06,3,1,1,0.81,0.69,0.76,-0.41,-0.25,2,"Gold",5,"91-120",3,0.4,0.44,-0.2533471031358,-0.150969215496777,2,4,99,99,0,0
"36",9,5,0.47,0.63,0,1,0.03,0.13,3,1,0,0.74,0.41,0.67,-0.27,0.22,2,"Gold",5,"91-120",3,0.47,0.63,-0.0752698620998299,0.331853346436817,2,4,99,0,0,0.00633333333333333
"37",2,1,0.55,0.03,1,0,0.05,0.47,4,1,0,0.75,0,0.2,-0.2,0.03,1,"Gold",5,"121-150",4,0.55,0.03,0.125661346855074,-1.88079360815125,2,5,1,99,0,0
"38",6,3,0.15,0.95,0,1,0.35,0.45,4,0,1,0.2,0.9,0.4,-0.05,0.0499999999999999,3,"Gold",5,"121-150",4,0.15,0.95,-1.03643338949379,1.64485362695147,2,5,99,1,0,0
"39",8,4,0.65,0.7,1,1,0.15,0.2,4,0,0,0.15,0.3,0.25,0.5,0.4,1,"Gold",5,"121-150",4,0.65,0.7,0.385320466407568,0.524400512708041,2,5,0,0,0,0
"40",10,5,0.8,0.05,1,0,0.3,0.45,4,1,0,0.65,0.05,0.4,0.15,0,2,"Gold",5,"121-150",4,0.8,0.05,0.841621233572914,-1.64485362695147,2,5,1,99,0,0
"41",9,5,0.2,0.75,0,1,0.3,0.25,4,1,1,0.8,0.8,0.7,-0.6,-0.05,2,"Gold",5,"121-150",4,0.2,0.75,-0.841621233572914,0.674489750196082,2,5,99,1,0,0
"42",5,3,0.7,0.4,1,0,0.2,0.1,4,1,1,0.65,0.85,0.75,0.0499999999999999,-0.45,3,"Gold",5,"121-150",4,0.7,0.4,0.524400512708041,-0.2533471031358,2,5,1,99,0,0
"43",1,1,0.3,0.65,0,1,0.2,0.15,4,1,0,0.8,0.45,0.6,-0.5,0.2,1,"Gold",5,"121-150",4,0.3,0.65,-0.524400512708041,0.385320466407568,2,5,99,0,0,0.005
"44",3,2,0.2,0,0,0,0.3,0.5,4,1,0,0.85,0.05,0.26,-0.65,-0.05,2,"Gold",5,"121-150",4,0.2,0.001,-0.841621233572914,-3.09023230616781,2,5,99,99,0,0
"45",7,4,0.25,0.43,0,0,0.25,0.07,4,1,1,0.46,0.77,0.68,-0.21,-0.34,1,"Gold",5,"121-150",4,0.25,0.43,-0.674489750196082,-0.176374164780861,2,5,99,99,0,0
"46",11,6,0.64,0.54,1,1,0.14,0.04,4,1,0,0.6,0.15,0.24,0.04,0.39,3,"Gold",5,"121-150",4,0.64,0.54,0.358458793251194,0.10043372051147,2,5,1,0,0,0
"47",4,2,0.76,0.67,1,1,0.26,0.17,4,1,1,0.65,0.74,0.57,0.11,-0.07,2,"Gold",5,"121-150",4,0.76,0.67,0.706302562840088,0.439913165673234,2,5,1,1,0,0
"48",12,6,0.33,0.02,0,0,0.17,0.48,4,1,0,0.76,0.09,0.27,-0.43,-0.07,3,"Gold",5,"121-150",4,0.33,0.02,-0.439913165673234,-2.05374891063182,2,5,99,99,0,0
"49",5,3,0.55,0.55,1,1,0.05,0.05,5,0,1,0.2,0.55,0.6,0.35,0,3,"Silver",3,"31-60",5,0.55,0.55,0.125661346855074,0.125661346855074,1,2,0,1,0,0
"50",2,1,0.6,0.58,1,1,0.1,0.08,5,1,0,0.65,0.6,0.7,-0.05,-0.02,1,"Silver",4,"31-60",5,0.6,0.58,0.2533471031358,0.201893479141851,1,2,1,0,0,0.255
"51",4,2,0.7,0.65,1,0,0.2,0.15,5,1,0,0.8,0.65,0.75,-0.1,0,2,"Silver",3,"31-60",5,0.7,0.65,0.524400512708041,0.385320466407568,1,2,1,99,0,0
"52",10,5,0.72,0.51,0,1,0.22,0.01,5,1,0,0.6,0.55,0.65,0.12,-0.04,2,"Silver",4,"31-60",5,0.72,0.51,0.582841507271216,0.0250689082587111,1,2,99,0,0,0.276
"53",9,5,0.6,0.65,1,0,0.1,0.15,5,1,1,0.7,0.65,0.72,-0.1,0,2,"Silver",4,"31-60",5,0.6,0.65,0.2533471031358,0.385320466407568,1,2,1,99,0,0
"54",11,6,0.55,0.55,1,0,0.05,0.05,5,1,1,0.49,0.52,0.5,0.0600000000000001,0.03,3,"Silver",4,"31-60",5,0.55,0.55,0.125661346855074,0.125661346855074,1,2,1,99,0,0
"55",6,3,0.43,0.47,0,0,0.07,0.03,5,0,1,0.55,0.5,0.53,-0.12,-0.03,3,"Silver",4,"31-60",5,0.43,0.47,-0.176374164780861,-0.0752698620998299,1,2,99,99,0,0
"56",3,2,0.4,0.6,0,1,0.1,0.1,5,0,1,0.55,0.7,0.63,-0.15,-0.1,2,"Silver",3,"31-60",5,0.4,0.6,-0.2533471031358,0.2533471031358,1,2,99,1,0,0
"57",1,1,0.42,0.46,0,0,0.08,0.04,5,1,1,0.56,0.56,0.56,-0.14,-0.1,1,"Silver",3,"31-60",5,0.42,0.46,-0.201893479141851,-0.10043372051147,1,2,99,99,0,0
"58",8,4,0.44,0.47,0,0,0.06,0.03,5,1,0,0.65,0.47,0.55,-0.21,0,1,"Silver",1,"31-60",5,0.44,0.47,-0.150969215496777,-0.0752698620998299,1,2,99,99,0,0
"59",7,4,0.6,0.65,1,1,0.1,0.15,5,1,1,0.67,0.63,0.66,-0.0700000000000001,0.02,1,"Silver",3,"31-60",5,0.6,0.65,0.2533471031358,0.385320466407568,1,2,1,1,0,0
"60",12,6,0.47,0.7,0,1,0.03,0.2,5,1,1,0.7,0.65,0.67,-0.23,0.0499999999999999,3,"Silver",4,"31-60",5,0.47,0.7,-0.0752698620998299,0.524400512708041,1,2,99,1,0,0
"61",2,1,0.35,0.15,0,0,0.15,0.35,6,0,0,0.6,0,0.35,-0.25,0.15,1,"Platinum",4,"91-120",6,0.35,0.15,-0.385320466407568,-1.03643338949379,3,4,99,99,0,0
"62",1,1,0.65,0.55,1,1,0.15,0.05,6,1,0,0.55,0.1,0.5,0.1,0.45,1,"Platinum",4,"91-120",6,0.65,0.55,0.385320466407568,0.125661346855074,3,4,1,0,0,0
"63",9,5,0.16,0.25,0,1,0.34,0.25,6,0,0,0.4,0.28,0.3,-0.24,-0.03,2,"Platinum",3,"91-120",6,0.16,0.25,-0.994457883209753,-0.674489750196082,3,4,99,0,0,1
"64",6,3,0.3,0.35,0,0,0.2,0.15,6,1,1,0.55,0.66,0.55,-0.25,-0.31,3,"Platinum",4,"91-120",6,0.3,0.35,-0.524400512708041,-0.385320466407568,3,4,99,99,0,0
"65",8,4,0.3,0.63,0,1,0.2,0.13,6,0,1,0.41,0.65,0.5,-0.11,-0.02,1,"Platinum",4,"91-120",6,0.3,0.63,-0.524400512708041,0.331853346436817,3,4,99,1,0,0
"66",11,6,0.59,0.59,1,1,0.09,0.09,6,1,0,0.59,0.53,0.56,0,0.0599999999999999,3,"Platinum",4,"91-120",6,0.59,0.59,0.227544976641149,0.227544976641149,3,4,1,0,0,0.242666666666667
"67",3,2,0.58,0.36,1,0,0.08,0.14,6,1,1,0.55,0.55,0.5,0.0299999999999999,-0.19,2,"Platinum",4,"91-120",6,0.58,0.36,0.201893479141851,-0.358458793251194,3,4,1,99,0,0
"68",10,5,0.61,0.36,1,0,0.11,0.14,6,0,1,0.3,0.26,0.27,0.31,0.1,2,"Platinum",4,"91-120",6,0.61,0.36,0.279319034447454,-0.358458793251194,3,4,0,99,0.000333333333333333,0
"69",7,4,0.73,0.38,1,0,0.23,0.12,6,1,1,0.67,0.67,0.55,0.0599999999999999,-0.29,1,"Platinum",5,"91-120",6,0.73,0.38,0.612812991016627,-0.305480788099397,3,4,1,99,0,0
"70",4,2,0.33,0.7,0,1,0.17,0.2,6,0,1,0.38,0.7,0.45,-0.05,0,2,"Platinum",5,"91-120",6,0.33,0.7,-0.439913165673234,0.524400512708041,3,4,99,1,0,0
"71",12,6,0.41,0.35,0,0,0.09,0.15,6,1,1,0.77,0.6,0.77,-0.36,-0.25,3,"Platinum",5,"91-120",6,0.41,0.35,-0.227544976641149,-0.385320466407568,3,4,99,99,0,0
"72",5,3,0.59,0.59,1,1,0.09,0.09,6,1,1,0.37,0.64,0.45,0.22,-0.05,3,"Platinum",5,"91-120",6,0.59,0.59,0.227544976641149,0.227544976641149,3,4,1,1,0,0
"73",6,3,0.25,0.78,0,1,0.25,0.28,7,1,1,0.24,0.88,0.5,0.01,-0.1,3,"Platinum",5,"91-120",7,0.25,0.78,-0.674489750196082,0.772193214188685,3,4,99,1,0,0
"74",3,2,0.92,0.44,0,0,0.42,0.06,7,1,0,1,0.08,0.63,-0.08,0.36,2,"Platinum",5,"91-120",7,0.92,0.44,1.40507156030963,-0.150969215496777,3,4,99,99,0,0
"75",9,5,0.23,0.72,1,0,0.27,0.22,7,0,1,0.28,0.76,0.55,-0.05,-0.04,2,"Platinum",5,"91-120",7,0.23,0.72,-0.738846849185214,0.582841507271216,3,4,0,99,1,0
"76",10,5,0.66,0.51,0,1,0.16,0.01,7,1,0,0.72,0.34,0.51,-0.0599999999999999,0.17,2,"Platinum",5,"91-120",7,0.66,0.51,0.412463129441405,0.0250689082587111,3,4,99,0,0,0.203666666666667
"77",1,1,0.65,0.56,0,1,0.15,0.0600000000000001,7,1,1,0.68,0.62,0.64,-0.03,-0.0599999999999999,1,"Platinum",5,"91-120",7,0.65,0.56,0.385320466407568,0.150969215496777,3,4,99,1,0,0
"78",11,6,0.62,0.39,0,0,0.12,0.11,7,1,0,0.69,0.43,0.51,-0.07,-0.04,3,"Platinum",5,"91-120",7,0.62,0.39,0.305480788099397,-0.279319034447454,3,4,99,99,0,0
"79",2,1,0.41,0.59,1,0,0.09,0.09,7,0,1,0.4,0.64,0.58,0.00999999999999995,-0.05,1,"Platinum",5,"91-120",7,0.41,0.59,-0.227544976641149,0.227544976641149,3,4,0,99,0.957,0
"80",7,4,0.67,0.64,1,1,0.17,0.14,7,1,1,0.69,0.68,0.68,-0.0199999999999999,-0.04,1,"Platinum",5,"91-120",7,0.67,0.64,0.439913165673234,0.358458793251194,3,4,1,1,0,0
"81",5,3,0.85,0.87,1,0,0.35,0.37,7,1,1,0.84,0.85,0.84,0.01,0.02,3,"Platinum",5,"91-120",7,0.85,0.87,1.03643338949379,1.1263911290388,3,4,1,99,0,0
"82",12,6,0.71,0.39,1,1,0.21,0.11,7,0,0,0.71,0.33,0.52,0,0.06,3,"Platinum",5,"91-120",7,0.71,0.39,0.553384719555673,-0.279319034447454,3,4,0,0,0.657,0.959
"83",4,2,0.82,0.81,1,1,0.32,0.31,7,1,1,0.82,0.84,0.82,0,-0.0299999999999999,2,"Platinum",5,"91-120",7,0.82,0.81,0.915365087842814,0.877896295051229,3,4,1,1,0,0
"84",8,4,0.91,0.91,0,0,0.41,0.41,7,1,1,0.93,0.92,0.94,-0.02,-0.01,1,"Platinum",5,"91-120",7,0.91,0.91,1.34075503369022,1.34075503369022,3,4,99,99,0,0
"85",2,1,0.75,0.47,0,1,0.25,0.03,8,1,0,1,0.01,0.66,-0.25,0.46,1,"Platinum",3,"61-90",8,0.75,0.47,0.674489750196082,-0.0752698620998299,3,3,99,0,0,0
"86",11,6,0.6,0.57,1,1,0.1,0.07,8,0,1,0.42,0.7,0.55,0.18,-0.13,3,"Platinum",2,"61-90",8,0.6,0.57,0.2533471031358,0.176374164780861,3,3,0,1,0.0413333333333333,0
"87",7,4,0.27,0.5,1,1,0.23,0,8,0,1,0.14,0.93,0.52,0.13,-0.43,1,"Platinum",2,"61-90",8,0.27,0.5,-0.612812991016627,0,3,3,0,1,0.986333333333333,0
"88",1,1,0.86,0.89,1,0,0.36,0.39,8,1,1,0.82,0.74,0.85,0.04,0.15,1,"Platinum",3,"61-90",8,0.86,0.89,1.08031934081496,1.22652812003661,3,3,1,99,0,0
"89",3,2,0.72,0.79,1,1,0.22,0.29,8,1,0,0.85,0.52,0.53,-0.13,0.27,2,"Platinum",3,"61-90",8,0.72,0.79,0.582841507271216,0.80642124701824,3,3,1,0,0,0.0456666666666667
"90",12,6,0.57,0.37,0,0,0.07,0.13,8,1,0,0.85,0.52,0.67,-0.28,-0.15,3,"Platinum",3,"61-90",8,0.57,0.37,0.176374164780861,-0.331853346436817,3,3,99,99,0,0
"91",4,2,0.36,0.54,0,0,0.14,0.04,8,0,1,0.03,0.73,0.28,0.33,-0.19,2,"Platinum",2,"61-90",8,0.36,0.54,-0.358458793251194,0.10043372051147,3,3,99,99,0,0
"92",6,3,0.15,0.22,1,0,0.35,0.28,8,0,1,0.09,0.86,0.19,0.06,-0.64,3,"Platinum",4,"61-90",8,0.15,0.22,-1.03643338949379,-0.772193214188685,3,3,0,99,1,0
"93",5,3,0.17,0.91,0,1,0.33,0.41,8,0,1,0.53,0.83,0.83,-0.36,0.0800000000000001,3,"Platinum",3,"61-90",8,0.17,0.91,-0.954165253146194,1.34075503369022,3,3,99,1,0,0
"94",9,5,0.48,0.39,1,0,0.02,0.11,8,0,1,0.14,0.89,0.57,0.34,-0.5,2,"Platinum",5,"61-90",8,0.48,0.39,-0.0501535834647337,-0.279319034447454,3,3,0,99,0,0
"95",10,5,0.28,0.38,0,1,0.22,0.12,8,1,0,0.7,0.34,0.45,-0.42,0.04,2,"Platinum",3,"61-90",8,0.28,0.38,-0.582841507271216,-0.305480788099397,3,3,99,0,0,0.910666666666667
"96",8,4,0.27,0.48,0,0,0.23,0.02,8,0,1,0.42,0.86,0.42,-0.15,-0.38,1,"Platinum",3,"61-90",8,0.27,0.48,-0.612812991016627,-0.0501535834647337,3,3,99,99,0,0
"97",2,1,0.51,0.35,1,1,0.01,0.15,9,1,0,0.55,0.35,0.51,-0.04,0,1,"Diamond",1,"31-60",9,0.51,0.35,0.0250689082587111,-0.385320466407568,4,2,1,0,0,0.929333333333333
"98",8,4,0.54,0.45,1,1,0.04,0.05,9,1,0,0.6,0.4,0.55,-0.0599999999999999,0.05,1,"Diamond",2,"31-60",9,0.54,0.45,0.10043372051147,-0.125661346855074,4,2,1,0,0,0.760333333333333
"99",5,3,0.55,0.55,0,0,0.05,0.05,9,0,1,0.55,0.55,0.55,0,0,3,"Diamond",5,"31-60",9,0.55,0.55,0.125661346855074,0.125661346855074,4,2,99,99,0,0
"100",1,1,0.56,0.51,0,0,0.0600000000000001,0.01,9,1,0,0.55,0.48,0.52,0.01,0.03,1,"Diamond",4,"31-60",9,0.56,0.51,0.150969215496777,0.0250689082587111,4,2,99,99,0,0
"101",12,6,0.41,0.46,0,1,0.09,0.04,9,1,0,0.49,0.42,0.43,-0.08,0.04,3,"Diamond",5,"31-60",9,0.41,0.46,-0.227544976641149,-0.10043372051147,4,2,99,0,0,0.762666666666667
"102",9,5,0.34,0.33,0,1,0.16,0.17,9,0,0,0.32,0.33,0.31,0.02,0,2,"Diamond",5,"31-60",9,0.34,0.33,-0.412463129441405,-0.439913165673234,4,2,99,0,0,0.943666666666667
"103",7,4,0.46,0.55,0,0,0.04,0.05,9,0,1,0.44,0.54,0.51,0.02,0.01,1,"Diamond",5,"31-60",9,0.46,0.55,-0.10043372051147,0.125661346855074,4,2,99,99,0,0
"104",3,2,0.37,0.42,1,0,0.13,0.08,9,0,0,0.36,0.39,0.35,0.01,0.03,2,"Diamond",4,"31-60",9,0.37,0.42,-0.331853346436817,-0.201893479141851,4,2,0,99,0.902666666666667,0
"105",10,5,0.26,0.32,1,0,0.24,0.18,9,0,0,0.39,0.36,0.38,-0.13,-0.04,2,"Diamond",5,"31-60",9,0.26,0.32,-0.643345405392917,-0.467698799114508,4,2,0,99,0.975666666666667,0
"106",6,3,0.42,0.51,1,1,0.08,0.01,9,0,1,0.4,0.55,0.46,0.02,-0.04,3,"Diamond",5,"31-60",9,0.42,0.51,-0.201893479141851,0.0250689082587111,4,2,0,1,0.831333333333333,0
"107",11,6,0.27,0.32,1,0,0.23,0.18,9,0,0,0.39,0.36,0.36,-0.12,-0.04,3,"Diamond",2,"31-60",9,0.27,0.32,-0.612812991016627,-0.467698799114508,4,2,0,99,0.97,0
"108",4,2,0.38,0.6,0,1,0.12,0.1,9,0,1,0.35,0.54,0.39,0.03,0.0599999999999999,2,"Diamond",5,"31-60",9,0.38,0.6,-0.305480788099397,0.2533471031358,4,2,99,1,0,0
"109",8,4,0.6,0.6,1,0,0.1,0.1,10,0,1,0.4,0.8,0.6,0.2,-0.2,1,"Diamond",5,"121-150",10,0.6,0.6,0.2533471031358,0.2533471031358,4,5,0,99,0.00466666666666667,0
"110",6,3,0.5,0.5,1,1,0,0,10,0,1,0.35,0.6,0.35,0.15,-0.1,3,"Diamond",4,"121-150",10,0.5,0.5,0,0,4,5,0,1,0.089,0
"111",5,3,0.35,0.5,0,0,0.15,0,10,0,1,0.4,0.65,0.45,-0.05,-0.15,3,"Diamond",5,"121-150",10,0.35,0.5,-0.385320466407568,0,4,5,99,99,0,0
"112",10,5,0.7,0.55,1,1,0.2,0.05,10,0,0,0.5,0.4,0.37,0.2,0.15,2,"Diamond",4,"121-150",10,0.7,0.55,0.524400512708041,0.125661346855074,4,5,0,0,0.01,0.0413333333333333
"113",3,2,0.55,0.4,0,1,0.05,0.1,10,1,0,0.75,0.25,0.64,-0.2,0.15,2,"Diamond",5,"121-150",10,0.55,0.4,0.125661346855074,-0.2533471031358,4,5,99,0,0,0.426666666666667
"114",1,1,0.75,0.75,1,1,0.25,0.25,10,1,0,0.68,0.5,0.7,0.07,0.25,1,"Diamond",5,"121-150",10,0.75,0.75,0.674489750196082,0.674489750196082,4,5,1,0,0,0.00133333333333333
"115",2,1,0.5,0.34,0,0,0,0.16,10,1,0,0.75,0.38,0.7,-0.25,-0.04,1,"Diamond",4,"121-150",10,0.5,0.34,0,-0.412463129441405,4,5,99,99,0,0
"116",11,6,0.5,0.62,0,1,0,0.12,10,1,0,0.7,0.4,0.56,-0.2,0.22,3,"Diamond",5,"121-150",10,0.5,0.62,0,0.305480788099397,4,5,99,0,0,0.00266666666666667
"117",4,2,0.55,0.4,1,0,0.05,0.1,10,0,1,0.41,0.6,0.5,0.14,-0.2,2,"Diamond",4,"121-150",10,0.55,0.4,0.125661346855074,-0.2533471031358,4,5,0,99,0.0523333333333333,0
"118",9,5,0.3,0.4,0,0,0.2,0.1,10,0,1,0.5,0.6,0.4,-0.2,-0.2,2,"Diamond",5,"121-150",10,0.3,0.4,-0.524400512708041,-0.2533471031358,4,5,99,99,0,0
"119",12,6,0.94,0.05,1,0,0.44,0.45,10,1,0,0.8,0.15,0.7,0.14,-0.1,3,"Diamond",5,"121-150",10,0.94,0.05,1.55477359459685,-1.64485362695147,4,5,1,99,0,0
"120",7,4,0.28,0.9,0,1,0.22,0.4,10,0,1,0.35,0.87,0.75,-0.07,0.03,1,"Diamond",5,"121-150",10,0.28,0.9,-0.582841507271216,1.2815515655446,4,5,99,1,0,0
"121",4,2,0.5,0.51,1,1,0,0.01,11,0,0,0.5,0.5,0.3,0,0.01,2,"Challenger",5,"121-150",11,0.5,0.51,0,0.0250689082587111,6,5,0,0,0.868,0.834333333333333
"122",8,4,0.6,0.75,0,0,0.1,0.25,11,0,1,0.6,0.75,0.68,0,0,1,"Challenger",5,"121-150",11,0.6,0.75,0.2533471031358,0.674489750196082,6,5,99,99,0,0
"123",1,1,0.75,0.55,1,0,0.25,0.05,11,1,0,0.75,0.55,0.65,0,0,1,"Challenger",5,"121-150",11,0.75,0.55,0.674489750196082,0.125661346855074,6,5,1,99,0,0
"124",11,6,0.8,0.4,1,0,0.3,0.1,11,1,0,0.8,0.4,0.6,0,0,3,"Challenger",5,"121-150",11,0.8,0.4,0.841621233572914,-0.2533471031358,6,5,1,99,0,0
"125",10,5,0.62,0.62,0,0,0.12,0.12,11,1,1,0.62,0.62,0.62,0,0,2,"Challenger",5,"121-150",11,0.62,0.62,0.305480788099397,0.305480788099397,6,5,99,99,0,0
"126",5,3,0.6,0.9,0,1,0.1,0.4,11,0,1,0.6,0.9,0.75,0,0,3,"Challenger",5,"121-150",11,0.6,0.9,0.2533471031358,1.2815515655446,6,5,99,1,0,0
"127",6,3,0.35,1,1,0,0.15,0.5,11,0,1,0.35,1,0.5,0,0,3,"Challenger",5,"121-150",11,0.35,0.999,-0.385320466407568,3.09023230616781,6,5,0,99,0.994666666666667,0
"128",3,2,0.6,0.5,0,0,0.1,0,11,1,0,0.6,0.5,0.55,0,0,2,"Challenger",5,"121-150",11,0.6,0.5,0.2533471031358,0,6,5,99,99,0,0
"129",2,1,0.8,0.7,0,1,0.3,0.2,11,1,1,0.8,0.7,0.75,0,0,1,"Challenger",5,"121-150",11,0.8,0.7,0.841621233572914,0.524400512708041,6,5,99,1,0,0
"130",7,4,0.6,0.85,1,1,0.1,0.35,11,1,1,0.6,0.85,0.73,0,0,1,"Challenger",5,"121-150",11,0.6,0.85,0.2533471031358,1.03643338949379,6,5,1,1,0,0
"131",12,6,0.75,0.55,0,1,0.25,0.05,11,1,0,0.75,0.55,0.63,0,0,3,"Challenger",5,"121-150",11,0.75,0.55,0.674489750196082,0.125661346855074,6,5,99,0,0,0.768333333333333
"132",9,5,0.6,0.3,1,1,0.1,0.2,11,1,0,0.6,0.3,0.35,0,0,2,"Challenger",5,"121-150",11,0.6,0.3,0.2533471031358,-0.524400512708041,6,5,1,0,0,0.999666666666667
"133",7,4,0.25,0.7,1,1,0.25,0.2,12,1,1,0.6,0.65,0.8,-0.35,0.0499999999999999,1,"Platinum",5,"121-150",12,0.25,0.7,-0.674489750196082,0.524400512708041,3,5,1,1,0,0
"134",5,3,0.05,0.6,0,0,0.45,0.1,12,0,1,0.1,0.6,0.5,-0.05,0,3,"Platinum",5,"121-150",12,0.05,0.6,-1.64485362695147,0.2533471031358,3,5,99,99,0,0
"135",11,6,0.7,0.4,1,1,0.2,0.1,12,1,0,0.7,0.4,0.4,0,0,3,"Platinum",5,"121-150",12,0.7,0.4,0.524400512708041,-0.2533471031358,3,5,1,0,0,0.964333333333333
"136",8,4,0.3,0.5,0,0,0.2,0,12,1,1,0.4,0.5,0.5,-0.1,0,1,"Platinum",5,"121-150",12,0.3,0.5,-0.524400512708041,0,3,5,99,99,0,0
"137",1,1,0.5,0.6,1,0,0,0.1,12,1,1,0.45,0.73,0.5,0.05,-0.13,1,"Platinum",5,"121-150",12,0.5,0.6,0,0.2533471031358,3,5,1,99,0,0
"138",2,1,0.65,0.15,0,1,0.15,0.35,12,1,0,0.7,0.15,0.4,-0.0499999999999999,0,1,"Platinum",5,"121-150",12,0.65,0.15,0.385320466407568,-1.03643338949379,3,5,99,0,0,1
"139",3,2,0.6,0.6,1,0,0.1,0.1,12,1,1,0.6,0.65,0.6,0,-0.05,2,"Platinum",5,"121-150",12,0.6,0.6,0.2533471031358,0.2533471031358,3,5,1,99,0,0
"140",10,5,0.55,0.1,0,1,0.05,0.4,12,1,0,0.55,0.4,0.35,0,-0.3,2,"Platinum",5,"121-150",12,0.55,0.1,0.125661346855074,-1.2815515655446,3,5,99,0,0,1
"141",6,3,0.1,0.8,1,1,0.4,0.3,12,0,1,0.1,0.8,0.35,0,0,3,"Platinum",5,"121-150",12,0.1,0.8,-1.2815515655446,0.841621233572914,3,5,0,1,1,0
"142",9,5,0.3,0.15,1,0,0.2,0.35,12,0,0,0.2,0.4,0.34,0.1,-0.25,2,"Platinum",5,"121-150",12,0.3,0.15,-0.524400512708041,-1.03643338949379,3,5,0,99,0.991666666666667,0
"143",4,2,0.5,1,0,1,0,0.5,12,1,1,0.43,0.8,0.7,0.07,0.2,2,"Platinum",5,"121-150",12,0.5,0.999,0,3.09023230616781,3,5,99,1,0,0
"144",12,6,0.54,0.03,0,0,0.04,0.47,12,1,0,0.7,0.1,0.17,-0.16,-0.07,3,"Platinum",5,"121-150",12,0.54,0.03,0.10043372051147,-1.88079360815125,3,5,99,99,0,0
"145",1,1,0.85,0.85,1,1,0.35,0.35,13,0,0,0.5,0.5,0.5,0.35,0.35,1,"Silver",0,"0-30",13,0.85,0.85,1.03643338949379,1.03643338949379,1,1,0,0,0,0
"146",7,4,0.1,0.85,0,1,0.4,0.35,13,0,0,0.5,0.5,0.5,-0.4,0.35,1,"Silver",0,"0-30",13,0.1,0.85,-1.2815515655446,1.03643338949379,1,1,99,0,0,0
"147",5,3,0.85,0.1,1,0,0.35,0.4,13,0,0,0.5,0.5,0.5,0.35,-0.4,3,"Silver",0,"0-30",13,0.85,0.1,1.03643338949379,-1.2815515655446,1,1,0,99,0,0
"148",12,6,0.1,0.85,0,1,0.4,0.35,13,0,0,0.5,0.5,0.5,-0.4,0.35,3,"Silver",0,"0-30",13,0.1,0.85,-1.2815515655446,1.03643338949379,1,1,99,0,0,0
"149",4,2,0.1,0.1,0,0,0.4,0.4,13,0,0,0.5,0.5,0.5,-0.4,-0.4,2,"Silver",0,"0-30",13,0.1,0.1,-1.2815515655446,-1.2815515655446,1,1,99,99,0,0
"150",11,6,0.85,0.1,1,0,0.35,0.4,13,0,0,0.5,0.5,0.5,0.35,-0.4,3,"Silver",0,"0-30",13,0.85,0.1,1.03643338949379,-1.2815515655446,1,1,0,99,0,0
"151",10,5,0.85,0.85,1,1,0.35,0.35,13,0,0,0.5,0.5,0.5,0.35,0.35,2,"Silver",0,"0-30",13,0.85,0.85,1.03643338949379,1.03643338949379,1,1,0,0,0,0
"152",6,3,0.1,0.85,0,1,0.4,0.35,13,0,0,0.5,0.5,0.5,-0.4,0.35,3,"Silver",0,"0-30",13,0.1,0.85,-1.2815515655446,1.03643338949379,1,1,99,0,0,0
"153",2,1,0.1,0.1,0,0,0.4,0.4,13,0,0,0.5,0.5,0.5,-0.4,-0.4,1,"Silver",0,"0-30",13,0.1,0.1,-1.2815515655446,-1.2815515655446,1,1,99,99,0,0
"154",9,5,0.1,0.1,0,0,0.4,0.4,13,0,0,0.5,0.5,0.5,-0.4,-0.4,2,"Silver",1,"0-30",13,0.1,0.1,-1.2815515655446,-1.2815515655446,1,1,99,99,0,0
"155",3,2,0.85,0.85,1,1,0.35,0.35,13,0,0,0.5,0.5,0.5,0.35,0.35,2,"Silver",0,"0-30",13,0.85,0.85,1.03643338949379,1.03643338949379,1,1,0,0,0,0
"156",8,4,0.85,0.1,1,0,0.35,0.4,13,0,0,0.5,0.5,0.5,0.35,-0.4,1,"Silver",0,"0-30",13,0.85,0.1,1.03643338949379,-1.2815515655446,1,1,0,99,0,0
"157",3,2,0.65,0.35,1,0,0.15,0.15,14,1,1,0.6,0.7,0.5,0.05,-0.35,2,"Master",4,"121-150",14,0.65,0.35,0.385320466407568,-0.385320466407568,5,5,1,99,0,0
"158",2,1,0.4,0.6,0,1,0.1,0.1,14,1,1,0.6,0.6,0.5,-0.2,0,1,"Master",4,"121-150",14,0.4,0.6,-0.2533471031358,0.2533471031358,5,5,99,1,0,0
"159",7,4,0.65,0.75,1,1,0.15,0.25,14,1,1,0.6,0.8,0.75,0.05,-0.05,1,"Master",4,"121-150",14,0.65,0.75,0.385320466407568,0.674489750196082,5,5,1,1,0,0
"160",1,1,0.65,0.4,1,0,0.15,0.1,14,1,0,0.65,0.5,0.6,0,-0.1,1,"Master",4,"121-150",14,0.65,0.4,0.385320466407568,-0.2533471031358,5,5,1,99,0,0
"161",10,5,0.45,0.55,0,1,0.05,0.05,14,1,0,0.55,0.35,0.5,-0.1,0.2,2,"Master",4,"121-150",14,0.45,0.55,-0.125661346855074,0.125661346855074,5,5,99,0,0,0.011
"162",8,4,0.45,0.45,0,0,0.05,0.05,14,1,1,0.6,0.75,0.75,-0.15,-0.3,1,"Master",4,"121-150",14,0.45,0.45,-0.125661346855074,-0.125661346855074,5,5,99,99,0,0
"163",4,2,0.45,0.6,0,1,0.05,0.1,14,1,1,0.55,0.6,0.5,-0.1,0,2,"Master",4,"121-150",14,0.45,0.6,-0.125661346855074,0.2533471031358,5,5,99,1,0,0
"164",5,3,0.5,0.8,1,1,0,0.3,14,0,1,0.3,0.8,0.5,0.2,0,3,"Master",4,"121-150",14,0.5,0.8,0,0.841621233572914,5,5,0,1,0.0106666666666667,0
"165",12,6,0.65,0.66,1,1,0.15,0.16,14,1,1,0.65,0.66,0.5,0,0,3,"Master",4,"121-150",14,0.65,0.66,0.385320466407568,0.412463129441405,5,5,1,1,0,0
"166",6,3,0.26,0.7,0,0,0.24,0.2,14,0,1,0.3,0.7,0.4,-0.04,0,3,"Master",4,"121-150",14,0.26,0.7,-0.643345405392917,0.524400512708041,5,5,99,99,0,0
"167",9,5,0.6,0.5,1,0,0.1,0,14,1,1,0.6,0.65,0.5,0,-0.15,2,"Master",4,"121-150",14,0.6,0.5,0.2533471031358,0,5,5,1,99,0,0
"168",11,6,0.43,0.41,0,0,0.07,0.09,14,1,1,0.8,0.59,0.6,-0.37,-0.18,3,"Master",4,"121-150",14,0.43,0.41,-0.176374164780861,-0.227544976641149,5,5,99,99,0,0
"169",11,6,0.25,0.75,0,1,0.25,0.25,15,1,0,0.7,0.4,0.64,-0.45,0.35,3,"Gold",5,"121-150",15,0.25,0.75,-0.674489750196082,0.674489750196082,2,5,99,0,0,0
"170",7,4,0.7,0.3,1,0,0.2,0.2,15,0,1,0.35,0.65,0.55,0.35,-0.35,1,"Gold",5,"121-150",15,0.7,0.3,0.524400512708041,-0.524400512708041,2,5,0,99,0,0
"171",1,1,0.7,0.7,1,1,0.2,0.2,15,1,1,0.65,0.65,0.64,0.0499999999999999,0.0499999999999999,1,"Gold",5,"121-150",15,0.7,0.7,0.524400512708041,0.524400512708041,2,5,1,1,0,0
"172",2,1,0.3,0.3,0,0,0.2,0.2,15,0,0,0.4,0.4,0.4,-0.1,-0.1,1,"Gold",5,"121-150",15,0.3,0.3,-0.524400512708041,-0.524400512708041,2,5,99,99,0,0
"173",5,3,0.6,0.75,1,1,0.1,0.25,15,0,1,0.4,0.75,0.65,0.2,0,3,"Gold",5,"121-150",15,0.6,0.75,0.2533471031358,0.674489750196082,2,5,0,1,0.00466666666666667,0
"174",12,6,0.66,0.3,1,0,0.16,0.2,15,0,0,0.4,0.35,0.4,0.26,-0.05,3,"Gold",5,"121-150",15,0.66,0.3,0.412463129441405,-0.524400512708041,2,5,0,99,0,0
"175",9,5,0.4,0.4,0,0,0.1,0.1,15,1,1,0.65,0.7,0.65,-0.25,-0.3,2,"Gold",5,"121-150",15,0.4,0.4,-0.2533471031358,-0.2533471031358,2,5,99,99,0,0
"176",8,4,0.3,0.65,0,1,0.2,0.15,15,1,1,0.55,0.6,0.55,-0.25,0.05,1,"Gold",5,"121-150",15,0.3,0.65,-0.524400512708041,0.385320466407568,2,5,99,1,0,0
"177",3,2,0.6,0.35,1,0,0.1,0.15,15,0,0,0.4,0.45,0.43,0.2,-0.1,2,"Gold",5,"121-150",15,0.6,0.35,0.2533471031358,-0.385320466407568,2,5,0,99,0.004,0
"178",4,2,0.35,0.65,0,1,0.15,0.15,15,0,1,0.35,0.65,0.5,0,0,2,"Gold",5,"121-150",15,0.35,0.65,-0.385320466407568,0.385320466407568,2,5,99,1,0,0
"179",10,5,0.6,0.6,1,1,0.1,0.1,15,0,0,0.35,0.45,0.4,0.25,0.15,2,"Gold",5,"121-150",15,0.6,0.6,0.2533471031358,0.2533471031358,2,5,0,0,0.001,0.0196666666666667
"180",6,3,0.35,0.35,0,0,0.15,0.15,15,0,0,0.45,0.45,0.45,-0.1,-0.1,3,"Gold",5,"121-150",15,0.35,0.35,-0.385320466407568,-0.385320466407568,2,5,99,99,0,0
"181",9,5,0.52,0.62,1,1,0.02,0.12,16,1,1,0.32,0.66,0.47,0.2,-0.04,2,"Silver",4,"121-150",16,0.52,0.62,0.0501535834647337,0.305480788099397,1,5,1,1,0,0
"182",4,2,0.31,0.77,1,1,0.19,0.27,16,0,1,0.29,0.82,0.59,0.02,-0.0499999999999999,2,"Silver",5,"121-150",16,0.31,0.77,-0.495850347347453,0.738846849185214,1,5,0,1,0.974333333333333,0
"183",5,3,0.51,0.62,1,0,0.01,0.12,16,1,1,0.48,0.66,0.51,0.03,-0.04,3,"Silver",5,"121-150",16,0.51,0.62,0.0250689082587111,0.305480788099397,1,5,1,99,0,0
"184",3,2,0.9,0.38,0,0,0.4,0.12,16,1,0,0.74,0.42,0.63,0.16,-0.04,2,"Silver",5,"121-150",16,0.9,0.38,1.2815515655446,-0.305480788099397,1,5,99,99,0,0
"185",6,3,0.31,0.66,0,1,0.19,0.16,16,0,1,0.36,0.73,0.5,-0.05,-0.07,3,"Silver",5,"121-150",16,0.31,0.66,-0.495850347347453,0.412463129441405,1,5,99,1,0,0
"186",1,1,0.52,0.57,1,1,0.02,0.07,16,1,1,0.61,0.51,0.59,-0.09,0.0599999999999999,1,"Silver",5,"121-150",16,0.52,0.57,0.0501535834647337,0.176374164780861,1,5,1,1,0,0
"187",11,6,0.43,0.54,1,0,0.07,0.04,16,1,1,0.45,0.63,0.52,-0.02,-0.09,3,"Silver",5,"121-150",16,0.43,0.54,-0.176374164780861,0.10043372051147,1,5,1,99,0,0
"188",2,1,0.82,0.48,0,0,0.32,0.02,16,1,0,0.62,0.45,0.57,0.2,0.03,1,"Silver",5,"121-150",16,0.82,0.48,0.915365087842814,-0.0501535834647337,1,5,99,99,0,0
"189",12,6,0.85,0.43,0,1,0.35,0.07,16,1,0,0.74,0.42,0.59,0.11,0.01,3,"Silver",5,"121-150",16,0.85,0.43,1.03643338949379,-0.176374164780861,1,5,99,0,0,0.776333333333333
"190",8,4,0.54,0.63,0,1,0.04,0.13,16,1,1,0.5,0.62,0.57,0.04,0.01,1,"Silver",5,"121-150",16,0.54,0.63,0.10043372051147,0.331853346436817,1,5,99,1,0,0
"191",10,5,0.55,0.51,0,0,0.05,0.01,16,1,0,0.58,0.48,0.54,-0.0299999999999999,0.03,2,"Silver",5,"121-150",16,0.55,0.51,0.125661346855074,0.0250689082587111,1,5,99,99,0,0
"192",7,4,0.37,0.69,1,0,0.13,0.19,16,0,1,0.44,0.76,0.61,-0.07,-0.0700000000000001,1,"Silver",5,"121-150",16,0.37,0.69,-0.331853346436817,0.495850347347453,1,5,0,99,0.883666666666667,0
"193",9,5,0.7,0.7,1,1,0.2,0.2,17,0,1,0,0.02,0.02,0.7,0.68,2,"Platinum",3,"61-90",17,0.7,0.7,0.524400512708041,0.524400512708041,3,3,0,1,0,0
"194",6,3,0.7,0.7,0,1,0.2,0.2,17,0,1,0.15,0.55,0.3,0.55,0.15,3,"Platinum",4,"61-90",17,0.7,0.7,0.524400512708041,0.524400512708041,3,3,99,1,0,0
"195",8,4,0.7,0.7,0,0,0.2,0.2,17,1,1,0.7,0.9,0.55,0,-0.2,1,"Platinum",5,"61-90",17,0.7,0.7,0.524400512708041,0.524400512708041,3,3,99,99,0,0
"196",5,3,0.7,0.7,1,0,0.2,0.2,17,0,1,0.2,0.4,0.05,0.5,0.3,3,"Platinum",4,"61-90",17,0.7,0.7,0.524400512708041,0.524400512708041,3,3,0,99,0,0
"197",3,2,0.7,0.7,1,0,0.2,0.2,17,1,0,0.85,0.3,0.3,-0.15,0.4,2,"Platinum",5,"61-90",17,0.7,0.7,0.524400512708041,0.524400512708041,3,3,1,99,0,0
"198",2,1,0.7,0.7,1,1,0.2,0.2,17,1,0,0.95,0.1,0.03,-0.25,0.6,1,"Platinum",5,"61-90",17,0.7,0.7,0.524400512708041,0.524400512708041,3,3,1,0,0,0
"199",12,6,0.7,0.7,0,1,0.2,0.2,17,1,0,0.7,0.15,0.07,0,0.55,3,"Platinum",5,"61-90",17,0.7,0.7,0.524400512708041,0.524400512708041,3,3,99,0,0,0
"200",11,6,0.7,0.7,1,0,0.2,0.2,17,0,0,0.05,0,0,0.65,0.7,3,"Platinum",5,"61-90",17,0.7,0.7,0.524400512708041,0.524400512708041,3,3,0,99,0,0
"201",1,1,0.7,0.69,0,0,0.2,0.19,17,1,0,0.4,0.2,0.05,0.3,0.49,1,"Platinum",5,"61-90",17,0.7,0.69,0.524400512708041,0.495850347347453,3,3,99,99,0,0
"202",10,5,0.7,0.7,0,0,0.2,0.2,17,0,0,0.2,0.05,0,0.5,0.65,2,"Platinum",5,"61-90",17,0.7,0.7,0.524400512708041,0.524400512708041,3,3,99,99,0,0
"203",7,4,0.7,0.7,1,1,0.2,0.2,17,0,1,0.3,0.75,0.15,0.4,-0.05,1,"Platinum",5,"61-90",17,0.7,0.7,0.524400512708041,0.524400512708041,3,3,0,1,0,0
"204",4,2,0.7,0.7,0,1,0.2,0.2,17,0,0,0.05,0.25,0,0.65,0.45,2,"Platinum",4,"61-90",17,0.7,0.7,0.524400512708041,0.524400512708041,3,3,99,0,0,0
"205",12,6,0.65,0.4,1,0,0.15,0.1,18,1,0,0.65,0.4,0.55,0,0,3,"Diamond",5,"121-150",18,0.65,0.4,0.385320466407568,-0.2533471031358,4,5,1,99,0,0
"206",10,5,0.4,0.65,0,1,0.1,0.15,18,1,1,0.55,0.65,0.6,-0.15,0,2,"Diamond",5,"121-150",18,0.4,0.65,-0.2533471031358,0.385320466407568,4,5,99,1,0,0
"207",3,2,0.6,0.65,1,1,0.1,0.15,18,1,0,0.6,0.5,0.55,0,0.15,2,"Diamond",5,"121-150",18,0.6,0.65,0.2533471031358,0.385320466407568,4,5,1,0,0,0.042
"208",8,4,0.4,0.45,0,0,0.1,0.05,18,1,1,0.6,0.65,0.62,-0.2,-0.2,1,"Diamond",5,"121-150",18,0.4,0.45,-0.2533471031358,-0.125661346855074,4,5,99,99,0,0
"209",11,6,0.45,0.55,0,1,0.05,0.05,18,1,0,0.7,0.35,0.58,-0.25,0.2,3,"Diamond",5,"121-150",18,0.45,0.55,-0.125661346855074,0.125661346855074,4,5,99,0,0,0.00766666666666667
"210",7,4,0.53,0.65,1,1,0.03,0.15,18,0,1,0.5,0.65,0.59,0.03,0,1,"Diamond",5,"121-150",18,0.53,0.65,0.0752698620998299,0.385320466407568,4,5,0,1,0.246666666666667,0
"211",5,3,0.57,0.5,1,0,0.07,0,18,0,1,0.45,0.7,0.55,0.12,-0.2,3,"Diamond",5,"121-150",18,0.57,0.5,0.176374164780861,0,4,5,0,99,0.0806666666666667,0
"212",2,1,0.45,0.58,0,0,0.05,0.08,18,1,1,0.57,0.55,0.55,-0.12,0.0299999999999999,1,"Diamond",5,"121-150",18,0.45,0.58,-0.125661346855074,0.201893479141851,4,5,99,99,0,0
"213",1,1,0.7,0.6,1,1,0.2,0.1,18,1,1,0.7,0.55,0.63,0,0.0499999999999999,1,"Diamond",5,"121-150",18,0.7,0.6,0.524400512708041,0.2533471031358,4,5,1,1,0,0
"214",4,2,0.4,0.53,0,0,0.1,0.03,18,0,1,0.43,0.57,0.51,-0.03,-0.0399999999999999,2,"Diamond",5,"121-150",18,0.4,0.53,-0.2533471031358,0.0752698620998299,4,5,99,99,0,0
"215",6,3,0.44,0.75,0,1,0.06,0.25,18,1,1,0.53,0.66,0.59,-0.09,0.09,3,"Diamond",5,"121-150",18,0.44,0.75,-0.150969215496777,0.674489750196082,4,5,99,1,0,0
"216",9,5,0.6,0.42,1,0,0.1,0.08,18,1,0,0.56,0.53,0.5,0.0399999999999999,-0.11,2,"Diamond",5,"121-150",18,0.6,0.42,0.2533471031358,-0.201893479141851,4,5,1,99,0,0
"217",5,3,0.4,0.85,0,1,0.1,0.35,19,0,1,0.3,0.85,0.65,0.1,0,3,"Platinum",5,"121-150",19,0.4,0.85,-0.2533471031358,1.03643338949379,3,5,99,1,0,0
"218",8,4,0.56,0.6,0,0,0.0600000000000001,0.1,19,1,1,0.7,0.6,0.6,-0.14,0,1,"Platinum",5,"121-150",19,0.56,0.6,0.150969215496777,0.2533471031358,3,5,99,99,0,0
"219",12,6,0.7,0.5,1,1,0.2,0,19,1,0,0.7,0.55,0.55,0,-0.05,3,"Platinum",5,"121-150",19,0.7,0.5,0.524400512708041,0,3,5,1,0,0,0.536333333333333
"220",9,5,0.6,0.7,1,0,0.1,0.2,19,1,1,0.6,0.65,0.7,0,0.0499999999999999,2,"Platinum",5,"121-150",19,0.6,0.7,0.2533471031358,0.524400512708041,3,5,1,99,0,0
"221",6,3,0.55,0.7,1,0,0.05,0.2,19,1,1,0.58,0.75,0.65,-0.0299999999999999,-0.05,3,"Platinum",5,"121-150",19,0.55,0.7,0.125661346855074,0.524400512708041,3,5,1,99,0,0
"222",3,2,0.7,0.57,1,0,0.2,0.07,19,1,0,0.62,0.55,0.55,0.08,0.0199999999999999,2,"Platinum",5,"121-150",19,0.7,0.57,0.524400512708041,0.176374164780861,3,5,1,99,0,0
"223",4,2,0.65,0.75,0,1,0.15,0.25,19,1,1,0.6,0.7,0.7,0.05,0.05,2,"Platinum",5,"121-150",19,0.65,0.75,0.385320466407568,0.674489750196082,3,5,99,1,0,0
"224",10,5,0.7,0.57,0,1,0.2,0.07,19,1,0,0.65,0.6,0.6,0.0499999999999999,-0.03,2,"Platinum",5,"121-150",19,0.7,0.57,0.524400512708041,0.176374164780861,3,5,99,0,0,0.403333333333333
"225",11,6,0.7,0.55,0,0,0.2,0.05,19,1,0,0.7,0.6,0.65,0,-0.0499999999999999,3,"Platinum",5,"121-150",19,0.7,0.55,0.524400512708041,0.125661346855074,3,5,99,99,0,0
"226",2,1,0.65,0.6,1,1,0.15,0.1,19,1,1,0.6,0.55,0.6,0.05,0.0499999999999999,1,"Platinum",5,"121-150",19,0.65,0.6,0.385320466407568,0.2533471031358,3,5,1,1,0,0
"227",7,4,0.55,0.75,1,1,0.05,0.25,19,0,1,0.55,0.75,0.7,0,0,1,"Platinum",5,"121-150",19,0.55,0.75,0.125661346855074,0.674489750196082,3,5,0,1,0.444333333333333,0
"228",1,1,0.7,0.55,0,0,0.2,0.05,19,1,1,0.7,0.6,0.65,0,-0.0499999999999999,1,"Platinum",5,"121-150",19,0.7,0.55,0.524400512708041,0.125661346855074,3,5,99,99,0,0
"229",12,6,0.62,0.21,1,0,0.12,0.29,20,1,0,0.74,0.13,0.23,-0.12,0.08,3,"Gold",4,"91-120",20,0.62,0.21,0.305480788099397,-0.80642124701824,2,4,1,99,0,0
"230",6,3,0.61,0.66,1,1,0.11,0.16,20,0,1,0.46,0.69,0.56,0.15,-0.0299999999999999,3,"Gold",4,"91-120",20,0.61,0.66,0.279319034447454,0.412463129441405,2,4,0,1,0.0186666666666667,0
"231",9,5,0.37,0.38,0,0,0.13,0.12,20,1,0,0.61,0.39,0.4,-0.24,-0.01,2,"Gold",4,"91-120",20,0.37,0.38,-0.331853346436817,-0.305480788099397,2,4,99,99,0,0
"232",5,3,0.32,0.47,0,0,0.18,0.03,20,0,1,0.33,0.74,0.55,-0.01,-0.27,3,"Gold",5,"91-120",20,0.32,0.47,-0.467698799114508,-0.0752698620998299,2,4,99,99,0,0
"233",8,4,0.33,0.59,0,1,0.17,0.09,20,0,1,0.44,0.68,0.54,-0.11,-0.0900000000000001,1,"Gold",5,"91-120",20,0.33,0.59,-0.439913165673234,0.227544976641149,2,4,99,1,0,0
"234",2,1,0.34,0.34,0,0,0.16,0.16,20,1,0,0.64,0.36,0.51,-0.3,-0.02,1,"Gold",5,"91-120",20,0.34,0.34,-0.412463129441405,-0.412463129441405,2,4,99,99,0,0
"235",3,2,0.37,0.64,0,1,0.13,0.14,20,1,0,0.62,0.35,0.5,-0.25,0.29,2,"Gold",3,"91-120",20,0.37,0.64,-0.331853346436817,0.358458793251194,2,4,99,0,0,0.000333333333333333
"236",10,5,0.65,0.61,1,1,0.15,0.11,20,1,0,0.53,0.3,0.49,0.12,0.31,2,"Gold",5,"91-120",20,0.65,0.61,0.385320466407568,0.279319034447454,2,4,1,0,0,0
"237",4,2,0.69,0.41,1,0,0.19,0.09,20,0,1,0.34,0.71,0.54,0.35,-0.3,2,"Gold",5,"91-120",20,0.69,0.41,0.495850347347453,-0.227544976641149,2,4,0,99,0,0
"238",11,6,0.47,0.53,0,1,0.03,0.03,20,1,0,0.63,0.31,0.49,-0.16,0.22,3,"Gold",5,"91-120",20,0.47,0.53,-0.0752698620998299,0.0752698620998299,2,4,99,0,0,0.00266666666666667
"239",1,1,0.62,0.61,1,1,0.12,0.11,20,1,1,0.44,0.48,0.51,0.18,0.13,1,"Gold",5,"91-120",20,0.62,0.61,0.305480788099397,0.279319034447454,2,4,1,1,0,0
"240",7,4,0.6,0.39,1,0,0.1,0.11,20,0,1,0.31,0.75,0.52,0.29,-0.36,1,"Gold",5,"91-120",20,0.6,0.39,0.2533471031358,-0.279319034447454,2,4,0,99,0,0
"241",3,2,0.15,0.09,0,0,0.35,0.41,21,1,0,0.72,0.13,0.61,-0.57,-0.04,2,"Platinum",5,"121-150",21,0.15,0.09,-1.03643338949379,-1.34075503369022,3,5,99,99,0,0
"242",12,6,0.38,0.66,0,1,0.12,0.16,21,1,0,0.78,0.32,0.67,-0.4,0.34,3,"Platinum",5,"121-150",21,0.38,0.66,-0.305480788099397,0.412463129441405,3,5,99,0,0,0
"243",5,3,0.79,0.85,1,1,0.29,0.35,21,1,1,0.55,0.88,0.86,0.24,-0.03,3,"Platinum",5,"121-150",21,0.79,0.85,0.80642124701824,1.03643338949379,3,5,1,1,0,0
"244",9,5,0.77,0.35,1,0,0.27,0.15,21,1,1,0.73,0.8,0.91,0.04,-0.45,2,"Platinum",5,"121-150",21,0.77,0.35,0.738846849185214,-0.385320466407568,3,5,1,99,0,0
"245",7,4,0.64,0.85,1,1,0.14,0.35,21,0,1,0.4,0.71,0.58,0.24,0.14,1,"Platinum",5,"121-150",21,0.64,0.85,0.358458793251194,1.03643338949379,3,5,0,1,0.00166666666666667,0
"246",8,4,0.3,0.39,0,0,0.2,0.11,21,0,1,0.36,0.88,0.86,-0.06,-0.49,1,"Platinum",5,"121-150",21,0.3,0.39,-0.524400512708041,-0.279319034447454,3,5,99,99,0,0
"247",1,1,0.5,0.84,0,1,0,0.34,21,1,1,0.9,0.8,0.99,-0.4,0.0399999999999999,1,"Platinum",5,"121-150",21,0.5,0.84,0,0.994457883209753,3,5,99,1,0,0
"248",10,5,0.23,0.67,0,1,0.27,0.17,21,0,1,0.33,0.6,0.69,-0.1,0.0700000000000001,2,"Platinum",5,"121-150",21,0.23,0.67,-0.738846849185214,0.439913165673234,3,5,99,1,0,0
"249",4,2,0.71,0.85,1,1,0.21,0.35,21,1,1,0.68,0.8,0.87,0.0299999999999999,0.0499999999999999,2,"Platinum",5,"121-150",21,0.71,0.85,0.553384719555673,1.03643338949379,3,5,1,1,0,0
"250",6,3,0.19,0.45,0,0,0.31,0.05,21,0,1,0.26,0.76,0.61,-0.07,-0.31,3,"Platinum",5,"121-150",21,0.19,0.45,-0.877896295051228,-0.125661346855074,3,5,99,99,0,0
"251",11,6,0.71,0.22,1,0,0.21,0.28,21,1,0,0.76,0.31,0.59,-0.05,-0.09,3,"Platinum",5,"121-150",21,0.71,0.22,0.553384719555673,-0.772193214188685,3,5,1,99,0,0
"252",2,1,0.72,0.23,1,0,0.22,0.27,21,1,1,0.79,0.58,0.79,-0.0700000000000001,-0.35,1,"Platinum",5,"121-150",21,0.72,0.23,0.582841507271216,-0.738846849185214,3,5,1,99,0,0
"253",2,1,0.55,0.45,1,0,0.05,0.05,22,1,1,0.55,0.45,0.53,0,0,1,"Platinum",3,"91-120",22,0.55,0.45,0.125661346855074,-0.125661346855074,3,4,1,99,0,0
"254",11,6,0.45,0.55,0,1,0.05,0.05,22,1,0,0.6,0.45,0.55,-0.15,0.1,3,"Platinum",4,"91-120",22,0.45,0.55,-0.125661346855074,0.125661346855074,3,4,99,0,0,0.147666666666667
"255",10,5,0.4,0.4,0,0,0.1,0.1,22,1,0,0.6,0.4,0.5,-0.2,0,2,"Platinum",2,"91-120",22,0.4,0.4,-0.2533471031358,-0.2533471031358,3,4,99,99,0,0
"256",9,5,0.54,0.66,1,1,0.04,0.16,22,0,1,0.45,0.55,0.46,0.09,0.11,2,"Platinum",3,"91-120",22,0.54,0.66,0.10043372051147,0.412463129441405,3,4,0,1,0.186,0
"257",1,1,0.45,0.65,0,1,0.05,0.15,22,1,1,0.6,0.6,0.6,-0.15,0.05,1,"Platinum",2,"91-120",22,0.45,0.65,-0.125661346855074,0.385320466407568,3,4,99,1,0,0
"258",3,2,0.46,0.75,0,1,0.04,0.25,22,0,1,0.6,0.6,0.75,-0.14,0.15,2,"Platinum",4,"91-120",22,0.46,0.75,-0.10043372051147,0.674489750196082,3,4,99,1,0,0
"259",4,2,0.55,0.4,1,0,0.05,0.1,22,0,1,0.4,0.8,0.6,0.15,-0.4,2,"Platinum",3,"91-120",22,0.55,0.4,0.125661346855074,-0.2533471031358,3,4,0,99,0.0556666666666667,0
"260",12,6,0.7,0.3,1,0,0.2,0.2,22,1,0,0.7,0.4,0.59,0,-0.1,3,"Platinum",3,"91-120",22,0.7,0.3,0.524400512708041,-0.524400512708041,3,4,1,99,0,0
"261",5,3,0.7,0.8,1,1,0.2,0.3,22,0,1,0.35,0.75,0.64,0.35,0.05,3,"Platinum",4,"91-120",22,0.7,0.8,0.524400512708041,0.841621233572914,3,4,0,1,0,0
"262",6,3,0.4,0.4,0,0,0.1,0.1,22,0,1,0.45,0.7,0.55,-0.05,-0.3,3,"Platinum",5,"91-120",22,0.4,0.4,-0.2533471031358,-0.2533471031358,3,4,99,99,0,0
"263",8,4,0.45,0.76,0,0,0.05,0.26,22,0,1,0.46,0.6,0.61,-0.01,0.16,1,"Platinum",5,"91-120",22,0.45,0.76,-0.125661346855074,0.706302562840088,3,4,99,99,0,0
"264",7,4,0.6,0.65,1,1,0.1,0.15,22,0,1,0.55,0.55,0.62,0.0499999999999999,0.1,1,"Platinum",5,"91-120",22,0.6,0.65,0.2533471031358,0.385320466407568,3,4,0,1,0.176333333333333,0
"265",2,1,0.45,0.45,0,0,0.05,0.05,23,0,1,0.45,0.7,0.8,0,-0.25,1,"Platinum",5,"121-150",23,0.45,0.45,-0.125661346855074,-0.125661346855074,3,5,99,99,0,0
"266",9,5,0.7,0.45,0,0,0.2,0.05,23,1,0,0.7,0.4,0.5,0,0.05,2,"Platinum",5,"121-150",23,0.7,0.45,0.524400512708041,-0.125661346855074,3,5,99,99,0,0
"267",11,6,0.5,0.55,0,1,0,0.05,23,1,0,0.9,0.3,0.4,-0.4,0.25,3,"Platinum",5,"121-150",23,0.5,0.55,0,0.125661346855074,3,5,99,0,0,0.000333333333333333
"268",4,2,0.45,0.8,0,1,0.05,0.3,23,1,1,0.6,0.8,0.8,-0.15,0,2,"Platinum",5,"121-150",23,0.45,0.8,-0.125661346855074,0.841621233572914,3,5,99,1,0,0
"269",7,4,0.45,0.8,0,1,0.05,0.3,23,1,1,0.55,0.8,0.8,-0.1,0,1,"Platinum",5,"121-150",23,0.45,0.8,-0.125661346855074,0.841621233572914,3,5,99,1,0,0
"270",6,3,0.55,0.8,1,1,0.05,0.3,23,0,1,0.4,0.75,0.5,0.15,0.05,3,"Platinum",5,"121-150",23,0.55,0.8,0.125661346855074,0.841621233572914,3,5,0,1,0.0483333333333333,0
"271",5,3,0.4,0.5,0,0,0.1,0,23,1,1,0.65,1,0.75,-0.25,-0.5,3,"Platinum",5,"121-150",23,0.4,0.5,-0.2533471031358,0,3,5,99,99,0,0
"272",10,5,0.8,0.6,1,1,0.3,0.1,23,1,1,0.8,0.6,0.7,0,0,2,"Platinum",5,"121-150",23,0.8,0.6,0.841621233572914,0.2533471031358,3,5,1,1,0,0
"273",1,1,0.7,0.6,1,1,0.2,0.1,23,1,1,0.7,0.6,0.7,0,0,1,"Platinum",5,"121-150",23,0.7,0.6,0.524400512708041,0.2533471031358,3,5,1,1,0,0
"274",8,4,0.65,0.5,1,0,0.15,0,23,1,1,0.65,0.5,0.55,0,0,1,"Platinum",5,"121-150",23,0.65,0.5,0.385320466407568,0,3,5,1,99,0,0
"275",12,6,0.7,0.15,1,0,0.2,0.35,23,1,0,0.7,0.15,0.3,0,0,3,"Platinum",5,"121-150",23,0.7,0.15,0.524400512708041,-1.03643338949379,3,5,1,99,0,0
"276",3,2,0.65,0.45,1,0,0.15,0.05,23,1,0,0.65,0.45,0.45,0,0,2,"Platinum",5,"121-150",23,0.65,0.45,0.385320466407568,-0.125661346855074,3,5,1,99,0,0
"277",1,1,0.34,0.42,0,0,0.16,0.08,24,1,0,0.72,0.32,0.59,-0.38,0.1,1,"Platinum",4,"121-150",24,0.34,0.42,-0.412463129441405,-0.201893479141851,3,5,99,99,0,0
"278",3,2,0.52,0.57,1,1,0.02,0.07,24,0,0,0.46,0.4,0.4,0.06,0.17,2,"Platinum",4,"121-150",24,0.52,0.57,0.0501535834647337,0.176374164780861,3,5,0,0,0.154666666666667,0.022
"279",9,5,0.54,0.44,1,0,0.04,0.06,24,1,1,0.52,0.58,0.57,0.02,-0.14,2,"Platinum",5,"121-150",24,0.54,0.44,0.10043372051147,-0.150969215496777,3,5,1,99,0,0
"280",6,3,0.52,0.46,1,0,0.02,0.04,24,0,1,0.48,0.54,0.48,0.04,-0.08,3,"Platinum",5,"121-150",24,0.52,0.46,0.0501535834647337,-0.10043372051147,3,5,0,99,0.175,0
"281",12,6,0.44,0.52,0,1,0.06,0.02,24,1,0,0.58,0.42,0.54,-0.14,0.1,3,"Platinum",4,"121-150",24,0.44,0.52,-0.150969215496777,0.0501535834647337,3,5,99,0,0,0.085
"282",11,6,0.53,0.43,1,0,0.03,0.07,24,0,0,0.44,0.46,0.43,0.09,-0.03,3,"Platinum",4,"121-150",24,0.53,0.43,0.0752698620998299,-0.176374164780861,3,5,0,99,0.103666666666667,0
"283",7,4,0.45,0.45,0,0,0.05,0.05,24,1,1,0.51,0.58,0.53,-0.06,-0.13,1,"Platinum",4,"121-150",24,0.45,0.45,-0.125661346855074,-0.125661346855074,3,5,99,99,0,0
"284",8,4,0.55,0.58,1,1,0.05,0.08,24,0,1,0.51,0.58,0.51,0.04,0,1,"Platinum",3,"121-150",24,0.55,0.58,0.125661346855074,0.201893479141851,3,5,0,1,0.169666666666667,0
"285",4,2,0.46,0.43,0,0,0.04,0.07,24,1,1,0.54,0.59,0.56,-0.08,-0.16,2,"Platinum",5,"121-150",24,0.46,0.43,-0.10043372051147,-0.176374164780861,3,5,99,99,0,0
"286",2,1,0.52,0.53,1,1,0.02,0.03,24,1,0,0.58,0.46,0.5,-0.0599999999999999,0.07,1,"Platinum",3,"121-150",24,0.52,0.53,0.0501535834647337,0.0752698620998299,3,5,1,0,0,0.132666666666667
"287",5,3,0.47,0.54,0,1,0.03,0.04,24,1,1,0.58,0.55,0.56,-0.11,-0.01,3,"Platinum",5,"121-150",24,0.47,0.54,-0.0752698620998299,0.10043372051147,3,5,99,1,0,0
"288",10,5,0.48,0.51,0,1,0.02,0.01,24,1,1,0.53,0.52,0.53,-0.05,-0.01,2,"Platinum",4,"121-150",24,0.48,0.51,-0.0501535834647337,0.0250689082587111,3,5,99,1,0,0
"289",2,1,0.76,0.83,1,1,0.26,0.33,25,1,1,0.88,0.72,0.81,-0.12,0.11,1,"Platinum",5,"121-150",25,0.76,0.83,0.706302562840088,0.954165253146194,3,5,1,1,0,0
"290",12,6,0.85,0.2,0,0,0.35,0.3,25,1,0,0.84,0.4,0.62,0.01,-0.2,3,"Platinum",5,"121-150",25,0.85,0.2,1.03643338949379,-0.841621233572914,3,5,99,99,0,0
"291",3,2,0.43,0.47,0,1,0.07,0.03,25,1,1,0.78,0.8,0.82,-0.35,-0.33,2,"Platinum",5,"121-150",25,0.43,0.47,-0.176374164780861,-0.0752698620998299,3,5,99,1,0,0
"292",11,6,0.77,0.72,1,1,0.27,0.22,25,1,0,0.83,0.33,0.61,-0.0599999999999999,0.39,3,"Platinum",5,"121-150",25,0.77,0.72,0.738846849185214,0.582841507271216,3,5,1,0,0,0
"293",6,3,0.78,0.79,1,0,0.28,0.29,25,1,1,0.86,0.83,0.78,-0.08,-0.0399999999999999,3,"Platinum",5,"121-150",25,0.78,0.79,0.772193214188685,0.80642124701824,3,5,1,99,0,0
"294",9,5,0.83,0.83,1,1,0.33,0.33,25,0,1,0.54,0.86,0.71,0.29,-0.03,2,"Platinum",5,"121-150",25,0.83,0.83,0.954165253146194,0.954165253146194,3,5,0,1,0.009,0
"295",7,4,0.33,0.79,0,1,0.17,0.29,25,0,1,0.44,0.88,0.61,-0.11,-0.09,1,"Platinum",5,"121-150",25,0.33,0.79,-0.439913165673234,0.80642124701824,3,5,99,1,0,0
"296",1,1,0.54,0.55,0,0,0.04,0.05,25,1,1,0.9,0.87,0.83,-0.36,-0.32,1,"Platinum",5,"121-150",25,0.54,0.55,0.10043372051147,0.125661346855074,3,5,99,99,0,0
"297",4,2,0.63,0.4,1,0,0.13,0.1,25,1,1,0.6,0.78,0.65,0.03,-0.38,2,"Platinum",5,"121-150",25,0.63,0.4,0.331853346436817,-0.2533471031358,3,5,1,99,0,0
"298",5,3,0.48,0.75,0,1,0.02,0.25,25,0,1,0.5,0.79,0.65,-0.02,-0.04,3,"Platinum",5,"121-150",25,0.48,0.75,-0.0501535834647337,0.674489750196082,3,5,99,1,0,0
"299",10,5,0.44,0.48,0,0,0.06,0.02,25,0,1,0.55,0.56,0.55,-0.11,-0.0800000000000001,2,"Platinum",5,"121-150",25,0.44,0.48,-0.150969215496777,-0.0501535834647337,3,5,99,99,0,0
"300",8,4,0.65,0.34,1,0,0.15,0.16,25,1,1,0.77,0.75,0.69,-0.12,-0.41,1,"Platinum",5,"121-150",25,0.65,0.34,0.385320466407568,-0.412463129441405,3,5,1,99,0,0
"301",7,4,0.14,0.9,0,1,0.36,0.4,26,0,1,0.4,0.8,0.5,-0.26,0.1,1,"Platinum",5,"121-150",26,0.14,0.9,-1.08031934081496,1.2815515655446,3,5,99,1,0,0
"302",3,2,0.92,0.07,1,0,0.42,0.43,26,1,0,0.85,0.2,0.36,0.0700000000000001,-0.13,2,"Platinum",5,"121-150",26,0.92,0.07,1.40507156030963,-1.47579102817917,3,5,1,99,0,0
"303",6,3,0.93,0.32,0,0,0.43,0.18,26,0,1,0.3,0.9,0.5,0.63,-0.58,3,"Platinum",5,"121-150",26,0.93,0.32,1.47579102817917,-0.467698799114508,3,5,99,99,0,0
"304",5,3,0.7,0.82,1,1,0.2,0.32,26,0,1,0.5,0.9,0.6,0.2,-0.0800000000000001,3,"Platinum",5,"121-150",26,0.7,0.82,0.524400512708041,0.915365087842814,3,5,0,1,0.00466666666666667,0
"305",9,5,0.3,0.3,0,0,0.2,0.2,26,1,1,0.9,0.9,0.75,-0.6,-0.6,2,"Platinum",5,"121-150",26,0.3,0.3,-0.524400512708041,-0.524400512708041,3,5,99,99,0,0
"306",12,6,0.93,0.1,1,0,0.43,0.4,26,1,0,0.84,0.2,0.42,0.0900000000000001,-0.1,3,"Platinum",5,"121-150",26,0.93,0.1,1.47579102817917,-1.2815515655446,3,5,1,99,0,0
"307",2,1,0.42,0.04,0,0,0.08,0.46,26,1,0,0.85,0.05,0.09,-0.43,-0.01,1,"Platinum",5,"121-150",26,0.42,0.04,-0.201893479141851,-1.75068607125217,3,5,99,99,0,0
"308",1,1,0.8,0.74,1,1,0.3,0.24,26,1,0,0.65,0.4,0.55,0.15,0.34,1,"Platinum",5,"121-150",26,0.8,0.74,0.841621233572914,0.643345405392917,3,5,1,0,0,0
"309",11,6,0.3,0.8,0,1,0.2,0.3,26,1,0,0.8,0.5,0.57,-0.5,0.3,3,"Platinum",5,"121-150",26,0.3,0.8,-0.524400512708041,0.841621233572914,3,5,99,0,0,0
"310",10,5,0.75,0.8,1,1,0.25,0.3,26,0,1,0.55,0.7,0.6,0.2,0.1,2,"Platinum",5,"121-150",26,0.75,0.8,0.674489750196082,0.841621233572914,3,5,0,1,0.005,0
"311",4,2,0.3,0.9,0,1,0.2,0.4,26,0,1,0.42,0.87,0.6,-0.12,0.03,2,"Platinum",5,"121-150",26,0.3,0.9,-0.524400512708041,1.2815515655446,3,5,99,1,0,0
"312",8,4,0.62,0.25,1,0,0.12,0.25,26,0,1,0.3,0.8,0.47,0.32,-0.55,1,"Platinum",5,"121-150",26,0.62,0.25,0.305480788099397,-0.674489750196082,3,5,0,99,0,0
"313",4,2,0.35,0.65,0,1,0.15,0.15,27,0,1,0.4,0.6,0.5,-0.05,0.05,2,"Silver",5,"121-150",27,0.35,0.65,-0.385320466407568,0.385320466407568,1,5,99,1,0,0
"314",6,3,0.3,0.61,0,1,0.2,0.11,27,0,1,0.31,0.6,0.4,-0.01,0.01,3,"Silver",5,"121-150",27,0.3,0.61,-0.524400512708041,0.279319034447454,1,5,99,1,0,0
"315",7,4,0.59,0.34,1,0,0.09,0.16,27,0,0,0.44,0.5,0.47,0.15,-0.16,1,"Silver",5,"121-150",27,0.59,0.34,0.227544976641149,-0.412463129441405,1,5,0,99,0.0293333333333333,0
"316",12,6,0.4,0.17,0,0,0.1,0.33,27,1,0,0.61,0.21,0.44,-0.21,-0.04,3,"Silver",5,"121-150",27,0.4,0.17,-0.2533471031358,-0.954165253146194,1,5,99,99,0,0
"317",3,2,0.57,0.32,1,0,0.07,0.18,27,1,0,0.54,0.4,0.47,0.0299999999999999,-0.08,2,"Silver",3,"121-150",27,0.57,0.32,0.176374164780861,-0.467698799114508,1,5,1,99,0,0
"318",8,4,0.42,0.5,0,1,0.08,0,27,1,0,0.55,0.37,0.46,-0.13,0.13,1,"Silver",2,"121-150",27,0.42,0.5,-0.201893479141851,0,1,5,99,0,0,0.0676666666666667
"319",2,1,0.43,0.36,0,0,0.07,0.14,27,1,0,0.66,0.24,0.49,-0.23,0.12,1,"Silver",4,"121-150",27,0.43,0.36,-0.176374164780861,-0.358458793251194,1,5,99,99,0,0
"320",9,5,0.62,0.52,1,1,0.12,0.02,27,1,0,0.57,0.38,0.5,0.05,0.14,2,"Silver",2,"121-150",27,0.62,0.52,0.305480788099397,0.0501535834647337,1,5,1,0,0,0.0476666666666667
"321",11,6,0.66,0.58,1,1,0.16,0.08,27,1,0,0.62,0.45,0.53,0.04,0.13,3,"Silver",3,"121-150",27,0.66,0.58,0.412463129441405,0.201893479141851,1,5,1,0,0,0.043
"322",5,3,0.52,0.42,1,0,0.02,0.08,27,0,1,0.46,0.71,0.54,0.06,-0.29,3,"Silver",3,"121-150",27,0.52,0.42,0.0501535834647337,-0.201893479141851,1,5,0,99,0.163,0
"323",10,5,0.44,0.4,0,0,0.06,0.1,27,0,0,0.45,0.45,0.45,-0.01,-0.05,2,"Silver",3,"121-150",27,0.44,0.4,-0.150969215496777,-0.2533471031358,1,5,99,99,0,0
"324",1,1,0.68,0.54,1,1,0.18,0.04,27,1,0,0.56,0.46,0.53,0.12,0.08,1,"Silver",4,"121-150",27,0.68,0.54,0.467698799114508,0.10043372051147,1,5,1,0,0,0.123333333333333
"325",12,6,0.8,0.5,1,0,0.3,0,28,1,1,0.8,0.8,0.76,0,-0.3,3,"Gold",5,"121-150",28,0.8,0.5,0.841621233572914,0,2,5,1,99,0,0
"326",4,2,0.41,0.8,0,1,0.09,0.3,28,0,1,0.62,0.8,0.79,-0.21,0,2,"Gold",5,"121-150",28,0.41,0.8,-0.227544976641149,0.841621233572914,2,5,99,1,0,0
"327",5,3,0.31,0.41,0,0,0.19,0.09,28,0,1,0.41,0.94,0.95,-0.1,-0.53,3,"Gold",5,"121-150",28,0.31,0.41,-0.495850347347453,-0.227544976641149,2,5,99,99,0,0
"328",1,1,0.53,0.59,0,0,0.03,0.09,28,0,0,0.61,0.71,0.69,-0.08,-0.12,1,"Gold",5,"121-150",28,0.53,0.59,0.0752698620998299,0.227544976641149,2,5,99,99,0,0
"329",8,4,0.5,0.86,0,1,0,0.36,28,0,1,0.63,0.76,0.76,-0.13,0.1,1,"Gold",5,"121-150",28,0.5,0.86,0,1.08031934081496,2,5,99,1,0,0
"330",9,5,0.62,0.68,1,1,0.12,0.18,28,0,1,0.51,0.74,0.73,0.11,-0.0599999999999999,2,"Gold",5,"121-150",28,0.62,0.68,0.305480788099397,0.467698799114508,2,5,0,1,0.123666666666667,0
"331",10,5,0.41,0.52,0,0,0.09,0.02,28,0,1,0.5,0.62,0.61,-0.09,-0.1,2,"Gold",5,"121-150",28,0.41,0.52,-0.227544976641149,0.0501535834647337,2,5,99,99,0,0
"332",6,3,0.53,0.93,1,1,0.03,0.43,28,0,1,0.4,0.84,0.78,0.13,0.0900000000000001,3,"Gold",5,"121-150",28,0.53,0.93,0.0752698620998299,1.47579102817917,2,5,0,1,0.200333333333333,0
"333",11,6,0.4,0.58,0,1,0.1,0.08,28,1,0,0.73,0.75,0.74,-0.33,-0.17,3,"Gold",5,"121-150",28,0.4,0.58,-0.2533471031358,0.201893479141851,2,5,99,0,0,0.079
"334",2,1,0.64,0.78,1,1,0.14,0.28,28,1,1,0.62,0.76,0.7,0.02,0.02,1,"Gold",3,"121-150",28,0.64,0.78,0.358458793251194,0.772193214188685,2,5,1,1,0,0
"335",7,4,0.54,0.62,1,0,0.04,0.12,28,0,1,0.51,0.77,0.6,0.03,-0.15,1,"Gold",5,"121-150",28,0.54,0.62,0.10043372051147,0.305480788099397,2,5,0,99,0.424,0
"336",3,2,0.77,0.74,1,0,0.27,0.24,28,1,1,0.61,0.76,0.75,0.16,-0.02,2,"Gold",5,"121-150",28,0.77,0.74,0.738846849185214,0.643345405392917,2,5,1,99,0,0
"337",8,4,0.4,0.55,0,1,0.1,0.05,29,0,1,0.42,0.55,0.3,-0.02,0,1,"Diamond",5,"121-150",29,0.4,0.55,-0.2533471031358,0.125661346855074,4,5,99,1,0,0
"338",11,6,0.7,0.6,1,1,0.2,0.1,29,1,0,0.67,0.35,0.35,0.0299999999999999,0.25,3,"Diamond",5,"121-150",29,0.7,0.6,0.524400512708041,0.2533471031358,4,5,1,0,0,0.000333333333333333
"339",2,1,0.65,0.6,1,1,0.15,0.1,29,1,0,0.65,0.35,0.5,0,0.25,1,"Diamond",5,"121-150",29,0.65,0.6,0.385320466407568,0.2533471031358,4,5,1,0,0,0.000333333333333333
"340",10,5,0.45,0.65,0,1,0.05,0.15,29,1,0,0.72,0.3,0.5,-0.27,0.35,2,"Diamond",5,"121-150",29,0.45,0.65,-0.125661346855074,0.385320466407568,4,5,99,0,0,0
"341",6,3,0.6,0.75,1,1,0.1,0.25,29,0,1,0.3,0.75,0.4,0.3,0,3,"Diamond",5,"121-150",29,0.6,0.75,0.2533471031358,0.674489750196082,4,5,0,1,0,0
"342",12,6,0.45,0.25,0,0,0.05,0.25,29,1,0,0.8,0.4,0.6,-0.35,-0.15,3,"Diamond",5,"121-150",29,0.45,0.25,-0.125661346855074,-0.674489750196082,4,5,99,99,0,0
"343",5,3,0.35,0.45,0,0,0.15,0.05,29,1,1,0.55,0.55,0.45,-0.2,-0.1,3,"Diamond",5,"121-150",29,0.35,0.45,-0.385320466407568,-0.125661346855074,4,5,99,99,0,0
"344",1,1,0.35,0.35,0,0,0.15,0.15,29,0,0,0.55,0.45,0.45,-0.2,-0.1,1,"Diamond",5,"121-150",29,0.35,0.35,-0.385320466407568,-0.385320466407568,4,5,99,99,0,0
"345",9,5,0.5,0.4,1,0,0,0.1,29,0,0,0.3,0.45,0.3,0.2,-0.05,2,"Diamond",5,"121-150",29,0.5,0.4,0,-0.2533471031358,4,5,0,99,0.008,0
"346",3,2,0.75,0.4,1,0,0.25,0.1,29,1,0,0.7,0.45,0.55,0.05,-0.05,2,"Diamond",5,"121-150",29,0.75,0.4,0.674489750196082,-0.2533471031358,4,5,1,99,0,0
"347",7,4,0.6,0.45,1,0,0.1,0.05,29,0,1,0.45,0.7,0.55,0.15,-0.25,1,"Diamond",5,"121-150",29,0.6,0.45,0.2533471031358,-0.125661346855074,4,5,0,99,0.0213333333333333,0
"348",4,2,0.3,0.65,0,1,0.2,0.15,29,0,1,0.4,0.68,0.5,-0.1,-0.03,2,"Diamond",5,"121-150",29,0.3,0.65,-0.524400512708041,0.385320466407568,4,5,99,1,0,0
"349",10,5,0.71,0.74,1,0,0.21,0.24,30,0,1,0.33,0.67,0.42,0.38,0.07,2,"Silver",2,"0-30",30,0.71,0.74,0.553384719555673,0.643345405392917,1,1,0,99,0,0
"350",4,2,0.27,0.61,0,1,0.23,0.11,30,1,1,0.53,0.6,0.6,-0.26,0.01,2,"Silver",3,"0-30",30,0.27,0.61,-0.612812991016627,0.279319034447454,1,1,99,1,0,0
"351",8,4,0.58,0.82,1,1,0.08,0.32,30,0,1,0.38,0.81,0.53,0.2,0.0099999999999999,1,"Silver",2,"0-30",30,0.58,0.82,0.201893479141851,0.915365087842814,1,1,0,1,0.005,0
"352",3,2,0.58,0.37,1,0,0.08,0.13,30,0,1,0.34,0.8,0.47,0.24,-0.43,2,"Silver",1,"0-30",30,0.58,0.37,0.201893479141851,-0.331853346436817,1,1,0,99,0.001,0
"353",5,3,0.6,0.81,1,1,0.1,0.31,30,0,1,0.36,0.81,0.53,0.24,0,3,"Silver",1,"0-30",30,0.6,0.81,0.2533471031358,0.877896295051229,1,1,0,1,0.00166666666666667,0
"354",2,1,0.73,0.41,1,0,0.23,0.09,30,1,0,0.79,0.3,0.55,-0.0600000000000001,0.11,1,"Silver",2,"0-30",30,0.73,0.41,0.612812991016627,-0.227544976641149,1,1,1,99,0,0
"355",9,5,0.35,0.8,0,1,0.15,0.3,30,1,1,0.78,0.79,0.61,-0.43,0.01,2,"Silver",2,"0-30",30,0.35,0.8,-0.385320466407568,0.841621233572914,1,1,99,1,0,0
"356",11,6,0.68,0.8,1,1,0.18,0.3,30,0,1,0.23,0.79,0.63,0.45,0.01,3,"Silver",1,"0-30",30,0.68,0.8,0.467698799114508,0.841621233572914,1,1,0,1,0,0
"357",1,1,0.37,0.68,0,1,0.13,0.18,30,1,1,0.66,0.65,0.63,-0.29,0.03,1,"Silver",1,"0-30",30,0.37,0.68,-0.331853346436817,0.467698799114508,1,1,99,1,0,0
"358",12,6,0.35,0.42,0,0,0.15,0.08,30,1,1,0.78,0.39,0.54,-0.43,0.03,3,"Silver",2,"0-30",30,0.35,0.42,-0.385320466407568,-0.201893479141851,1,1,99,99,0,0
"359",7,4,0.43,0.43,0,0,0.07,0.07,30,0,1,0.59,0.58,0.57,-0.16,-0.15,1,"Silver",1,"0-30",30,0.43,0.43,-0.176374164780861,-0.176374164780861,1,1,99,99,0,0
"360",6,3,0.34,0.31,0,0,0.16,0.19,30,0,1,0.28,0.67,0.48,0.06,-0.36,3,"Silver",1,"0-30",30,0.34,0.31,-0.412463129441405,-0.495850347347453,1,1,99,99,0,0
"361",5,3,0.38,0.75,0,1,0.12,0.25,31,0,1,0.38,0.75,0.42,0,0,3,"Diamond",4,"61-90",31,0.38,0.75,-0.305480788099397,0.674489750196082,4,3,99,1,0,0
"362",8,4,0.54,0.57,1,1,0.04,0.07,31,0,1,0.4,0.63,0.51,0.14,-0.0600000000000001,1,"Diamond",4,"61-90",31,0.54,0.57,0.10043372051147,0.176374164780861,4,3,0,1,0.087,0
"363",11,6,0.6,0.48,1,1,0.1,0.02,31,0,1,0.6,0.36,0.37,0,0.12,3,"Diamond",4,"61-90",31,0.6,0.48,0.2533471031358,-0.0501535834647337,4,3,0,1,0.302,0
"364",10,5,0.64,0.43,1,1,0.14,0.07,31,1,0,0.66,0.38,0.47,-0.02,0.05,2,"Diamond",4,"61-90",31,0.64,0.43,0.358458793251194,-0.176374164780861,4,3,1,0,0,0.516333333333333
"365",1,1,0.43,0.58,0,1,0.07,0.08,31,1,1,0.64,0.59,0.6,-0.21,-0.01,1,"Diamond",4,"61-90",31,0.43,0.58,-0.176374164780861,0.201893479141851,4,3,99,1,0,0
"366",3,2,0.6,0.39,1,0,0.1,0.11,31,1,0,0.62,0.39,0.53,-0.02,0,2,"Diamond",4,"61-90",31,0.6,0.39,0.2533471031358,-0.279319034447454,4,3,1,99,0,0
"367",7,4,0.36,0.53,0,0,0.14,0.03,31,0,1,0.38,0.74,0.5,-0.02,-0.21,1,"Diamond",4,"61-90",31,0.36,0.53,-0.358458793251194,0.0752698620998299,4,3,99,99,0,0
"368",9,5,0.45,0.35,0,0,0.05,0.15,31,1,1,0.55,0.56,0.55,-0.1,-0.21,2,"Diamond",4,"61-90",31,0.45,0.35,-0.125661346855074,-0.385320466407568,4,3,99,99,0,0
"369",4,2,0.46,0.61,0,1,0.04,0.11,31,0,1,0.45,0.6,0.54,0.01,0.01,2,"Diamond",4,"61-90",31,0.46,0.61,-0.10043372051147,0.279319034447454,4,3,99,1,0,0
"370",6,3,0.53,0.45,1,0,0.03,0.05,31,0,1,0.47,0.57,0.52,0.0600000000000001,-0.12,3,"Diamond",4,"61-90",31,0.53,0.45,0.0752698620998299,-0.125661346855074,4,3,0,99,0.277,0
"371",2,1,0.64,0.48,1,0,0.14,0.02,31,1,0,0.65,0.46,0.58,-0.01,0.02,1,"Diamond",4,"61-90",31,0.64,0.48,0.358458793251194,-0.0501535834647337,4,3,1,99,0,0
"372",12,6,0.38,0.41,0,0,0.12,0.09,31,1,0,0.66,0.38,0.54,-0.28,0.03,3,"Diamond",5,"61-90",31,0.38,0.41,-0.305480788099397,-0.227544976641149,4,3,99,99,0,0
"373",12,6,0.45,0.2,0,0,0.05,0.3,32,1,0,0.8,0.2,0.55,-0.35,0,3,"Diamond",5,"91-120",32,0.45,0.2,-0.125661346855074,-0.841621233572914,4,4,99,99,0,0
"374",1,1,0.6,0.3,1,0,0.1,0.2,32,1,0,0.6,0.3,0.55,0,0,1,"Diamond",5,"91-120",32,0.6,0.3,0.2533471031358,-0.524400512708041,4,4,1,99,0,0
"375",9,5,0.4,0.4,0,0,0.1,0.1,32,0,0,0.45,0.5,0.45,-0.05,-0.1,2,"Diamond",5,"91-120",32,0.4,0.4,-0.2533471031358,-0.2533471031358,4,4,99,99,0,0
"376",4,2,0.55,0.49,1,0,0.05,0.01,32,0,1,0.45,0.6,0.53,0.1,-0.11,2,"Diamond",5,"91-120",32,0.55,0.49,0.125661346855074,-0.0250689082587111,4,4,0,99,0.0816666666666667,0
"377",6,3,0.55,0.5,1,0,0.05,0,32,0,1,0.4,0.6,0.54,0.15,-0.1,3,"Diamond",5,"91-120",32,0.55,0.5,0.125661346855074,0,4,4,0,99,0.0306666666666667,0
"378",7,4,0.4,0.5,0,0,0.1,0,32,0,1,0.45,0.6,0.54,-0.05,-0.1,1,"Diamond",5,"91-120",32,0.4,0.5,-0.2533471031358,0,4,4,99,99,0,0
"379",11,6,0.6,0.55,1,1,0.1,0.05,32,1,0,0.6,0.4,0.45,0,0.15,3,"Diamond",5,"91-120",32,0.6,0.55,0.2533471031358,0.125661346855074,4,4,1,0,0,0.0233333333333333
"380",10,5,0.55,0.55,1,1,0.05,0.05,32,1,1,0.55,0.55,0.55,0,0,2,"Diamond",4,"91-120",32,0.55,0.55,0.125661346855074,0.125661346855074,4,4,1,1,0,0
"381",2,1,0.4,0.55,0,1,0.1,0.05,32,1,0,0.55,0.4,0.48,-0.15,0.15,1,"Diamond",5,"91-120",32,0.4,0.55,-0.2533471031358,0.125661346855074,4,4,99,0,0,0.0266666666666667
"382",8,4,0.54,0.65,1,1,0.04,0.15,32,0,1,0.45,0.6,0.54,0.09,0.05,1,"Diamond",5,"91-120",32,0.54,0.65,0.10043372051147,0.385320466407568,4,4,0,1,0.0943333333333333,0
"383",5,3,0.4,0.6,0,1,0.1,0.1,32,0,1,0.5,0.6,0.53,-0.1,0,3,"Diamond",5,"91-120",32,0.4,0.6,-0.2533471031358,0.2533471031358,4,4,99,1,0,0
"384",3,2,0.41,0.56,0,1,0.09,0.0600000000000001,32,1,1,0.6,0.6,0.6,-0.19,-0.0399999999999999,2,"Diamond",5,"91-120",32,0.41,0.56,-0.227544976641149,0.150969215496777,4,4,99,1,0,0
"385",10,5,0.65,0.31,1,0,0.15,0.19,33,1,0,0.7,0.28,0.43,-0.0499999999999999,0.03,2,"Silver",5,"121-150",33,0.65,0.31,0.385320466407568,-0.495850347347453,1,5,1,99,0,0
"386",9,5,0.33,0.71,0,1,0.17,0.21,33,0,0,0.33,0.48,0.4,0,0.23,2,"Silver",5,"121-150",33,0.33,0.71,-0.439913165673234,0.553384719555673,1,5,99,0,0,0.00166666666666667
"387",4,2,0.72,0.68,1,1,0.22,0.18,33,1,1,0.35,0.67,0.5,0.37,0.01,2,"Silver",5,"121-150",33,0.72,0.68,0.582841507271216,0.467698799114508,1,5,1,1,0,0
"388",3,2,0.4,0.41,0,0,0.1,0.09,33,1,0,0.73,0.34,0.49,-0.33,0.07,2,"Silver",5,"121-150",33,0.4,0.41,-0.2533471031358,-0.227544976641149,1,5,99,99,0,0
"389",8,4,0.65,0.75,1,1,0.15,0.25,33,0,1,0.37,0.7,0.5,0.28,0.05,1,"Silver",5,"121-150",33,0.65,0.75,0.385320466407568,0.674489750196082,1,5,0,1,0,0
"390",11,6,0.7,0.35,1,0,0.2,0.15,33,1,0,0.67,0.3,0.5,0.0299999999999999,0.05,3,"Silver",5,"121-150",33,0.7,0.35,0.524400512708041,-0.385320466407568,1,5,1,99,0,0
"391",12,6,0.38,0.74,0,1,0.12,0.24,33,1,0,0.76,0.37,0.5,-0.38,0.37,3,"Silver",5,"121-150",33,0.38,0.74,-0.305480788099397,0.643345405392917,1,5,99,0,0,0
"392",6,3,0.37,0.67,0,1,0.13,0.17,33,0,1,0.27,0.78,0.43,0.1,-0.11,3,"Silver",5,"121-150",33,0.37,0.67,-0.331853346436817,0.439913165673234,1,5,99,1,0,0
"393",1,1,0.73,0.74,1,1,0.23,0.24,33,0,1,0.71,0.34,0.5,0.02,0.4,1,"Silver",5,"121-150",33,0.73,0.74,0.612812991016627,0.643345405392917,1,5,0,1,0.158333333333333,0
"394",7,4,0.38,0.41,0,0,0.12,0.09,33,0,1,0.37,0.76,0.53,0.01,-0.35,1,"Silver",5,"121-150",33,0.38,0.41,-0.305480788099397,-0.227544976641149,1,5,99,99,0,0
"395",2,1,0.4,0.37,0,0,0.1,0.13,33,1,0,0.78,0.28,0.48,-0.38,0.09,1,"Silver",5,"121-150",33,0.4,0.37,-0.2533471031358,-0.331853346436817,1,5,99,99,0,0
"396",5,3,0.74,0.35,1,0,0.24,0.15,33,0,1,0.33,0.79,0.45,0.41,-0.44,3,"Silver",5,"121-150",33,0.74,0.35,0.643345405392917,-0.385320466407568,1,5,0,99,0,0
"397",8,4,0.3,0.7,0,0,0.2,0.2,34,0,1,0.3,0.7,0.6,0,0,1,"Diamond",5,"91-120",34,0.3,0.7,-0.524400512708041,0.524400512708041,4,4,99,99,0,0
"398",9,5,0.6,0.6,1,1,0.1,0.1,34,1,1,0.6,0.6,0.7,0,0,2,"Diamond",5,"91-120",34,0.6,0.6,0.2533471031358,0.2533471031358,4,4,1,1,0,0
"399",2,1,0.8,0.3,1,0,0.3,0.2,34,1,0,0.8,0.3,0.6,0,0,1,"Diamond",5,"91-120",34,0.8,0.3,0.841621233572914,-0.524400512708041,4,4,1,99,0,0
"400",7,4,0.15,0.85,1,1,0.35,0.35,34,0,1,0.15,0.85,0.85,0,0,1,"Diamond",5,"91-120",34,0.15,0.85,-1.03643338949379,1.03643338949379,4,4,0,1,1,0
"401",4,2,0.7,0.7,0,0,0.2,0.2,34,1,1,0.7,0.7,0.7,0,0,2,"Diamond",5,"91-120",34,0.7,0.7,0.524400512708041,0.524400512708041,4,4,99,99,0,0
"402",10,5,0.8,0.4,0,0,0.3,0.1,34,1,0,0.8,0.4,0.8,0,0,2,"Diamond",5,"91-120",34,0.8,0.4,0.841621233572914,-0.2533471031358,4,4,99,99,0,0
"403",11,6,0.8,0.1,0,1,0.3,0.4,34,1,0,0.8,0.1,0.7,0,0,3,"Diamond",5,"91-120",34,0.8,0.1,0.841621233572914,-1.2815515655446,4,4,99,0,0,1
"404",3,2,0.8,0.25,1,1,0.3,0.25,34,1,0,0.8,0.25,0.8,0,0,2,"Diamond",5,"91-120",34,0.8,0.25,0.841621233572914,-0.674489750196082,4,4,1,0,0,1
"405",1,1,0.85,0.15,0,1,0.35,0.35,34,1,0,0.85,0.15,0.85,0,0,1,"Diamond",5,"91-120",34,0.85,0.15,1.03643338949379,-1.03643338949379,4,4,99,0,0,1
"406",6,3,0.65,0.65,1,0,0.15,0.15,34,1,1,0.65,0.65,0.65,0,0,3,"Diamond",5,"91-120",34,0.65,0.65,0.385320466407568,0.385320466407568,4,4,1,99,0,0
"407",5,3,0.25,0.75,0,1,0.25,0.25,34,0,1,0.25,0.75,0.75,0,0,3,"Diamond",5,"91-120",34,0.25,0.75,-0.674489750196082,0.674489750196082,4,4,99,1,0,0
"408",12,6,0.85,0.15,1,0,0.35,0.35,34,1,0,0.85,0.15,0.85,0,0,3,"Diamond",5,"91-120",34,0.85,0.15,1.03643338949379,-1.03643338949379,4,4,1,99,0,0
"409",4,2,0.43,0.43,0,0,0.07,0.07,35,1,0,0.57,0.41,0.47,-0.14,0.02,2,"Gold",5,"91-120",35,0.43,0.43,-0.176374164780861,-0.176374164780861,2,4,99,99,0,0
"410",12,6,0.54,0.46,1,0,0.04,0.04,35,1,0,0.54,0.47,0.48,0,-0.00999999999999995,3,"Gold",5,"91-120",35,0.54,0.46,0.10043372051147,-0.10043372051147,2,4,1,99,0,0
"411",7,4,0.52,0.57,1,1,0.02,0.07,35,0,1,0.48,0.55,0.52,0.04,0.0199999999999999,1,"Gold",5,"91-120",35,0.52,0.57,0.0501535834647337,0.176374164780861,2,4,0,1,0.291333333333333,0
"412",9,5,0.49,0.51,0,1,0.01,0.01,35,1,0,0.54,0.44,0.49,-0.05,0.07,2,"Gold",5,"91-120",35,0.49,0.51,-0.0250689082587111,0.0250689082587111,2,4,99,0,0,0.246333333333333
"413",11,6,0.55,0.45,0,1,0.05,0.05,35,1,0,0.55,0.46,0.47,0,-0.01,3,"Gold",4,"91-120",35,0.55,0.45,0.125661346855074,-0.125661346855074,2,4,99,0,0,0.397333333333333
"414",8,4,0.51,0.54,0,0,0.01,0.04,35,1,1,0.53,0.53,0.53,-0.02,0.01,1,"Gold",4,"91-120",35,0.51,0.54,0.0250689082587111,0.10043372051147,2,4,99,99,0,0
"415",5,3,0.51,0.52,1,1,0.01,0.02,35,1,1,0.55,0.53,0.51,-0.04,-0.01,3,"Gold",5,"91-120",35,0.51,0.52,0.0250689082587111,0.0501535834647337,2,4,1,1,0,0
"416",1,1,0.53,0.55,0,1,0.03,0.05,35,1,1,0.58,0.52,0.5,-0.0499999999999999,0.03,1,"Gold",5,"91-120",35,0.53,0.55,0.0752698620998299,0.125661346855074,2,4,99,1,0,0
"417",6,3,0.43,0.53,0,0,0.07,0.03,35,1,1,0.45,0.51,0.5,-0.02,0.02,3,"Gold",5,"91-120",35,0.43,0.53,-0.176374164780861,0.0752698620998299,2,4,99,99,0,0
"418",3,2,0.55,0.52,1,1,0.05,0.02,35,1,0,0.56,0.46,0.49,-0.01,0.06,2,"Gold",5,"91-120",35,0.55,0.52,0.125661346855074,0.0501535834647337,2,4,1,0,0,0.265
"419",10,5,0.48,0.52,1,0,0.02,0.02,35,0,1,0.48,0.52,0.49,0,0,2,"Gold",5,"91-120",35,0.48,0.52,-0.0501535834647337,0.0501535834647337,2,4,0,99,0.349666666666667,0
"420",2,1,0.58,0.48,1,0,0.08,0.02,35,1,0,0.56,0.47,0.52,0.0199999999999999,0.01,1,"Gold",5,"91-120",35,0.58,0.48,0.201893479141851,-0.0501535834647337,2,4,1,99,0,0
"421",6,3,0.2,0.8,0,1,0.3,0.3,36,1,1,0.2,0.7,0.5,0,0.1,3,"Gold",4,"91-120",36,0.2,0.8,-0.841621233572914,0.841621233572914,2,4,99,1,0,0
"422",10,5,0.4,0.6,0,1,0.1,0.1,36,1,0,0.65,0.5,0.55,-0.25,0.1,2,"Gold",4,"91-120",36,0.4,0.6,-0.2533471031358,0.2533471031358,2,4,99,0,0,0.089
"423",7,4,0.55,0.5,1,0,0.05,0,36,0,1,0.2,0.9,0.6,0.35,-0.4,1,"Gold",5,"91-120",36,0.55,0.5,0.125661346855074,0,2,4,0,99,0,0
"424",1,1,0.5,0.25,0,0,0,0.25,36,1,0,0.7,0.35,0.5,-0.2,-0.1,1,"Gold",5,"91-120",36,0.5,0.25,0,-0.674489750196082,2,4,99,99,0,0
"425",4,2,0.65,0.7,1,1,0.15,0.2,36,1,1,0.5,0.55,0.4,0.15,0.15,2,"Gold",5,"91-120",36,0.65,0.7,0.385320466407568,0.524400512708041,2,4,1,1,0,0
"426",5,3,0.6,0.4,1,0,0.1,0.1,36,1,1,0.55,0.75,0.6,0.0499999999999999,-0.35,3,"Gold",5,"91-120",36,0.6,0.4,0.2533471031358,-0.2533471031358,2,4,1,99,0,0
"427",12,6,0.8,0.55,1,1,0.3,0.05,36,1,0,0.8,0.25,0.4,0,0.3,3,"Gold",5,"91-120",36,0.8,0.55,0.841621233572914,0.125661346855074,2,4,1,0,0,0
"428",9,5,0.6,0.4,1,0,0.1,0.1,36,1,0,0.6,0.4,0.45,0,0,2,"Gold",5,"91-120",36,0.6,0.4,0.2533471031358,-0.2533471031358,2,4,1,99,0,0
"429",2,1,0.7,0.54,1,1,0.2,0.04,36,1,0,0.65,0.2,0.1,0.0499999999999999,0.34,1,"Gold",4,"91-120",36,0.7,0.54,0.524400512708041,0.10043372051147,2,4,1,0,0,0
"430",8,4,0.3,0.8,0,1,0.2,0.3,36,0,1,0.45,0.8,0.6,-0.15,0,1,"Gold",5,"91-120",36,0.3,0.8,-0.524400512708041,0.841621233572914,2,4,99,1,0,0
"431",3,2,0.46,0.44,0,0,0.04,0.06,36,1,0,0.55,0.46,0.5,-0.09,-0.02,2,"Gold",5,"91-120",36,0.46,0.44,-0.10043372051147,-0.150969215496777,2,4,99,99,0,0
"432",11,6,0.36,0.2,0,0,0.14,0.3,36,1,0,0.66,0.45,0.47,-0.3,-0.25,3,"Gold",5,"91-120",36,0.36,0.2,-0.358458793251194,-0.841621233572914,2,4,99,99,0,0
"433",4,2,0.38,0.46,0,0,0.12,0.04,37,0,1,0.4,0.57,0.4,-0.02,-0.11,2,"Gold",5,"121-150",37,0.38,0.46,-0.305480788099397,-0.10043372051147,2,5,99,99,0,0
"434",11,6,0.6,0.32,1,0,0.1,0.18,37,1,0,0.53,0.34,0.37,0.07,-0.02,3,"Gold",5,"121-150",37,0.6,0.32,0.2533471031358,-0.467698799114508,2,5,1,99,0,0
"435",3,2,0.57,0.57,1,1,0.07,0.07,37,1,0,0.57,0.42,0.57,0,0.15,2,"Gold",5,"121-150",37,0.57,0.57,0.176374164780861,0.176374164780861,2,5,1,0,0,0.0423333333333333
"436",12,6,0.42,0.53,0,1,0.08,0.03,37,1,0,0.7,0.33,0.45,-0.28,0.2,3,"Gold",5,"121-150",37,0.42,0.53,-0.201893479141851,0.0752698620998299,2,5,99,0,0,0.0123333333333333
"437",6,3,0.25,0.62,0,1,0.25,0.12,37,0,1,0.24,0.61,0.36,0.01,0.01,3,"Gold",5,"121-150",37,0.25,0.62,-0.674489750196082,0.305480788099397,2,5,99,1,0,0
"438",9,5,0.55,0.59,1,1,0.05,0.09,37,1,1,0.52,0.61,0.55,0.03,-0.02,2,"Gold",5,"121-150",37,0.55,0.59,0.125661346855074,0.227544976641149,2,5,1,1,0,0
"439",10,5,0.44,0.34,0,0,0.06,0.16,37,1,0,0.5,0.35,0.41,-0.06,-0.00999999999999995,2,"Gold",5,"121-150",37,0.44,0.34,-0.150969215496777,-0.412463129441405,2,5,99,99,0,0
"440",7,4,0.42,0.45,0,0,0.08,0.05,37,0,1,0.37,0.67,0.5,0.05,-0.22,1,"Gold",5,"121-150",37,0.42,0.45,-0.201893479141851,-0.125661346855074,2,5,99,99,0,0
"441",1,1,0.46,0.61,0,1,0.04,0.11,37,1,1,0.51,0.61,0.54,-0.05,0,1,"Gold",5,"121-150",37,0.46,0.61,-0.10043372051147,0.279319034447454,2,5,99,1,0,0
"442",5,3,0.54,0.45,1,0,0.04,0.05,37,1,1,0.53,0.54,0.49,0.01,-0.09,3,"Gold",5,"121-150",37,0.54,0.45,0.10043372051147,-0.125661346855074,2,5,1,99,0,0
"443",2,1,0.59,0.35,1,0,0.09,0.15,37,1,0,0.62,0.31,0.4,-0.03,0.04,1,"Gold",5,"121-150",37,0.59,0.35,0.227544976641149,-0.385320466407568,2,5,1,99,0,0
"444",8,4,0.56,0.58,1,1,0.0600000000000001,0.08,37,1,1,0.52,0.66,0.55,0.04,-0.0800000000000001,1,"Gold",5,"121-150",37,0.56,0.58,0.150969215496777,0.201893479141851,2,5,1,1,0,0
"445",7,4,0.55,0.55,1,0,0.05,0.05,38,0,1,0.42,0.74,0.53,0.13,-0.19,1,"Diamond",5,"121-150",38,0.55,0.55,0.125661346855074,0.125661346855074,4,5,0,99,0.0726666666666667,0
"446",11,6,0.5,0.45,0,0,0,0.05,38,1,1,0.62,0.56,0.6,-0.12,-0.11,3,"Diamond",5,"121-150",38,0.5,0.45,0,-0.125661346855074,4,5,99,99,0,0
"447",3,2,0.65,0.41,1,0,0.15,0.09,38,1,0,0.65,0.4,0.52,0,0.00999999999999995,2,"Diamond",5,"121-150",38,0.65,0.41,0.385320466407568,-0.227544976641149,4,5,1,99,0,0
"448",10,5,0.6,0.53,1,1,0.1,0.03,38,1,0,0.55,0.4,0.45,0.0499999999999999,0.13,2,"Diamond",5,"121-150",38,0.6,0.53,0.2533471031358,0.0752698620998299,4,5,1,0,0,0.0863333333333333
"449",12,6,0.65,0.53,1,1,0.15,0.03,38,1,0,0.6,0.55,0.5,0.05,-0.02,3,"Diamond",5,"121-150",38,0.65,0.53,0.385320466407568,0.0752698620998299,4,5,1,0,0,0.254333333333333
"450",4,2,0.4,0.56,0,1,0.1,0.0600000000000001,38,0,0,0.45,0.52,0.46,-0.05,0.04,2,"Diamond",5,"121-150",38,0.4,0.56,-0.2533471031358,0.150969215496777,4,5,99,0,0,0.205666666666667
"451",9,5,0.5,0.48,0,0,0,0.02,38,0,0,0.53,0.55,0.54,-0.03,-0.0700000000000001,2,"Diamond",5,"121-150",38,0.5,0.48,0,-0.0501535834647337,4,5,99,99,0,0
"452",2,1,0.5,0.55,0,1,0,0.05,38,0,0,0.54,0.54,0.52,-0.04,0.01,1,"Diamond",5,"121-150",38,0.5,0.55,0,0.125661346855074,4,5,99,0,0,0.231
"453",5,3,0.43,0.55,0,0,0.07,0.05,38,0,1,0.43,0.66,0.55,0,-0.11,3,"Diamond",5,"121-150",38,0.43,0.55,-0.176374164780861,0.125661346855074,4,5,99,99,0,0
"454",1,1,0.58,0.45,1,0,0.08,0.05,38,1,0,0.55,0.47,0.51,0.0299999999999999,-0.02,1,"Diamond",5,"121-150",38,0.58,0.45,0.201893479141851,-0.125661346855074,4,5,1,99,0,0
"455",6,3,0.54,0.61,1,1,0.04,0.11,38,0,1,0.48,0.6,0.53,0.0600000000000001,0.01,3,"Diamond",5,"121-150",38,0.54,0.61,0.10043372051147,0.279319034447454,4,5,0,1,0.188,0
"456",8,4,0.47,0.59,0,1,0.03,0.09,38,0,1,0.46,0.56,0.48,0.00999999999999995,0.0299999999999999,1,"Diamond",5,"121-150",38,0.47,0.59,-0.0752698620998299,0.227544976641149,4,5,99,1,0,0
"457",5,3,0.4,0.65,0,1,0.1,0.15,39,0,1,0.4,0.65,0.5,0,0,3,"Gold",5,"91-120",39,0.4,0.65,-0.2533471031358,0.385320466407568,2,4,99,1,0,0
"458",8,4,0.4,0.65,0,1,0.1,0.15,39,1,0,0.55,0.55,0.5,-0.15,0.1,1,"Gold",4,"91-120",39,0.4,0.65,-0.2533471031358,0.385320466407568,2,4,99,0,0,0.195
"459",2,1,0.7,0.6,1,1,0.2,0.1,39,1,0,0.7,0.48,0.6,0,0.12,1,"Gold",5,"91-120",39,0.7,0.6,0.524400512708041,0.2533471031358,2,4,1,0,0,0.138333333333333
"460",3,2,0.7,0.3,1,0,0.2,0.2,39,1,0,0.7,0.3,0.6,0,0,2,"Gold",5,"91-120",39,0.7,0.3,0.524400512708041,-0.524400512708041,2,4,1,99,0,0
"461",11,6,0.65,0.65,1,1,0.15,0.15,39,1,1,0.6,0.6,0.65,0.05,0.05,3,"Gold",5,"91-120",39,0.65,0.65,0.385320466407568,0.385320466407568,2,4,1,1,0,0
"462",4,2,0.5,0.8,0,1,0,0.3,39,0,1,0.5,0.8,0.65,0,0,2,"Gold",5,"91-120",39,0.5,0.8,0,0.841621233572914,2,4,99,1,0,0
"463",6,3,0.4,0.5,1,0,0.1,0,39,0,1,0.4,0.8,0.7,0,-0.3,3,"Gold",5,"91-120",39,0.4,0.5,-0.2533471031358,0,2,4,0,99,0.902333333333333,0
"464",9,5,0.44,0.4,0,0,0.06,0.1,39,1,1,0.55,0.6,0.5,-0.11,-0.2,2,"Gold",5,"91-120",39,0.44,0.4,-0.150969215496777,-0.2533471031358,2,4,99,99,0,0
"465",1,1,0.5,0.5,0,0,0,0,39,1,1,0.65,0.75,0.7,-0.15,-0.25,1,"Gold",5,"91-120",39,0.5,0.5,0,0,2,4,99,99,0,0
"466",10,5,0.6,0.7,1,1,0.1,0.2,39,0,1,0.5,0.6,0.55,0.1,0.1,2,"Gold",5,"91-120",39,0.6,0.7,0.2533471031358,0.524400512708041,2,4,0,1,0.206,0
"467",12,6,0.5,0.25,0,0,0,0.25,39,1,0,0.9,0.45,0.65,-0.4,-0.2,3,"Gold",5,"91-120",39,0.5,0.25,0,-0.674489750196082,2,4,99,99,0,0
"468",7,4,0.6,0.5,1,0,0.1,0,39,1,1,0.6,0.7,0.65,0,-0.2,1,"Gold",5,"91-120",39,0.6,0.5,0.2533471031358,0,2,4,1,99,0,0
"469",1,1,0.67,0.33,1,0,0.17,0.17,40,1,0,0.64,0.36,0.48,0.03,-0.03,1,"Master",5,"121-150",40,0.67,0.33,0.439913165673234,-0.439913165673234,5,5,1,99,0,0
"470",6,3,0.61,0.79,1,1,0.11,0.29,40,0,1,0.29,0.66,0.39,0.32,0.13,3,"Master",5,"121-150",40,0.61,0.79,0.279319034447454,0.80642124701824,5,5,0,1,0,0
"471",8,4,0.3,0.76,0,1,0.2,0.26,40,0,1,0.35,0.74,0.46,-0.05,0.02,1,"Master",5,"121-150",40,0.3,0.76,-0.524400512708041,0.706302562840088,5,5,99,1,0,0
"472",10,5,0.68,0.58,1,1,0.18,0.08,40,1,0,0.62,0.29,0.5,0.0600000000000001,0.29,2,"Master",5,"121-150",40,0.68,0.58,0.467698799114508,0.201893479141851,5,5,1,0,0,0
"473",9,5,0.36,0.44,0,0,0.14,0.06,40,0,0,0.39,0.55,0.46,-0.03,-0.11,2,"Master",5,"121-150",40,0.36,0.44,-0.358458793251194,-0.150969215496777,5,5,99,99,0,0
"474",2,1,0.49,0.47,0,1,0.01,0.03,40,1,0,0.63,0.32,0.43,-0.14,0.15,1,"Master",5,"121-150",40,0.49,0.47,-0.0250689082587111,-0.0752698620998299,5,5,99,0,0,0.115666666666667
"475",5,3,0.3,0.56,0,0,0.2,0.0600000000000001,40,0,1,0.33,0.74,0.48,-0.03,-0.18,3,"Master",5,"121-150",40,0.3,0.56,-0.524400512708041,0.150969215496777,5,5,99,99,0,0
"476",12,6,0.54,0.43,0,1,0.04,0.07,40,1,0,0.67,0.33,0.48,-0.13,0.1,3,"Master",5,"121-150",40,0.54,0.43,0.10043372051147,-0.176374164780861,5,5,99,0,0,0.427666666666667
"477",4,2,0.43,0.43,0,0,0.07,0.07,40,0,1,0.44,0.61,0.53,-0.01,-0.18,2,"Master",5,"121-150",40,0.43,0.43,-0.176374164780861,-0.176374164780861,5,5,99,99,0,0
"478",11,6,0.66,0.33,1,0,0.16,0.17,40,1,0,0.63,0.36,0.45,0.03,-0.03,3,"Master",5,"121-150",40,0.66,0.33,0.412463129441405,-0.439913165673234,5,5,1,99,0,0
"479",7,4,0.55,0.5,1,0,0.05,0,40,0,1,0.43,0.67,0.57,0.12,-0.17,1,"Master",5,"121-150",40,0.55,0.5,0.125661346855074,0,5,5,0,99,0.0976666666666667,0
"480",3,2,0.67,0.5,1,1,0.17,0,40,1,0,0.64,0.41,0.54,0.03,0.09,2,"Master",5,"121-150",40,0.67,0.5,0.439913165673234,0,5,5,1,0,0,0.216333333333333
"481",9,5,0.75,0.3,1,0,0.25,0.2,41,1,1,0.55,0.6,0.4,0.2,-0.3,2,"Gold",5,"31-60",41,0.75,0.3,0.674489750196082,-0.524400512708041,2,2,1,99,0,0
"482",1,1,0.3,0.31,0,0,0.2,0.19,41,1,0,0.7,0.35,0.59,-0.4,-0.04,1,"Gold",4,"31-60",41,0.3,0.31,-0.524400512708041,-0.495850347347453,2,2,99,99,0,0
"483",6,3,0.6,0.35,1,0,0.1,0.15,41,0,1,0.2,0.75,0.5,0.4,-0.4,3,"Gold",5,"31-60",41,0.6,0.35,0.2533471031358,-0.385320466407568,2,2,0,99,0,0
"484",3,2,0.63,0.66,1,1,0.13,0.16,41,1,1,0.6,0.67,0.5,0.03,-0.01,2,"Gold",5,"31-60",41,0.63,0.66,0.331853346436817,0.412463129441405,2,2,1,1,0,0
"485",2,1,0.63,0.6,1,1,0.13,0.1,41,1,0,0.67,0.42,0.5,-0.04,0.18,1,"Gold",5,"31-60",41,0.63,0.6,0.331853346436817,0.2533471031358,2,2,1,0,0,0.0116666666666667
"486",7,4,0.62,0.35,1,0,0.12,0.15,41,0,1,0.41,0.85,0.53,0.21,-0.5,1,"Gold",5,"31-60",41,0.62,0.35,0.305480788099397,-0.385320466407568,2,2,0,99,0.00633333333333333,0
"487",11,6,0.64,0.59,1,1,0.14,0.09,41,1,1,0.61,0.63,0.54,0.03,-0.04,3,"Gold",5,"31-60",41,0.64,0.59,0.358458793251194,0.227544976641149,2,2,1,1,0,0
"488",8,4,0.6,0.84,0,1,0.1,0.34,41,0,1,0.4,0.84,0.5,0.2,0,1,"Gold",5,"31-60",41,0.6,0.84,0.2533471031358,0.994457883209753,2,2,99,1,0,0
"489",4,2,0.63,0.34,0,0,0.13,0.16,41,1,1,0.55,0.8,0.52,0.08,-0.46,2,"Gold",5,"31-60",41,0.63,0.34,0.331853346436817,-0.412463129441405,2,2,99,99,0,0
"490",5,3,0.23,0.62,0,1,0.27,0.12,41,0,1,0.33,0.67,0.45,-0.1,-0.05,3,"Gold",3,"31-60",41,0.23,0.62,-0.738846849185214,0.305480788099397,2,2,99,1,0,0
"491",12,6,0.32,0.31,0,0,0.18,0.19,41,1,0,0.8,0.28,0.6,-0.48,0.03,3,"Gold",5,"31-60",41,0.32,0.31,-0.467698799114508,-0.495850347347453,2,2,99,99,0,0
"492",10,5,0.24,0.56,0,1,0.26,0.0600000000000001,41,1,0,0.68,0.41,0.56,-0.44,0.15,2,"Gold",5,"31-60",41,0.24,0.56,-0.706302562840088,0.150969215496777,2,2,99,0,0,0.0286666666666667
"493",11,6,0,0.59,0,0,0.5,0.09,42,1,0,0.6,0.4,0.5,-0.6,0.19,3,"Gold",5,"91-120",42,0.001,0.59,-3.09023230616781,0.227544976641149,2,4,99,99,0,0
"494",8,4,0.39,0.58,1,0,0.11,0.08,42,0,1,0.4,0.66,0.5,-0.01,-0.0800000000000001,1,"Gold",5,"91-120",42,0.39,0.58,-0.279319034447454,0.201893479141851,2,4,0,99,0.685333333333333,0
"495",12,6,0.59,0.4,1,1,0.09,0.1,42,1,0,0.59,0.4,0.41,0,0,3,"Gold",5,"91-120",42,0.59,0.4,0.227544976641149,-0.2533471031358,2,4,1,0,0,0.63
"496",9,5,0.41,0.58,0,1,0.09,0.08,42,1,0,0.62,0.36,0.55,-0.21,0.22,2,"Gold",5,"91-120",42,0.41,0.58,-0.227544976641149,0.201893479141851,2,4,99,0,0,0.0153333333333333
"497",1,1,0.43,0.4,0,1,0.07,0.1,42,0,0,0.38,0.39,0.5,0.05,0.01,1,"Gold",5,"91-120",42,0.43,0.4,-0.176374164780861,-0.2533471031358,2,4,99,0,0,0.644666666666667
"498",7,4,0.43,0.62,0,1,0.07,0.12,42,1,1,0.6,0.6,0.55,-0.17,0.02,1,"Gold",5,"91-120",42,0.43,0.62,-0.176374164780861,0.305480788099397,2,4,99,1,0,0
"499",2,1,0.4,0.49,1,0,0.1,0.01,42,0,0,0.13,0.18,0.48,0.27,0.31,1,"Gold",5,"91-120",42,0.4,0.49,-0.2533471031358,-0.0250689082587111,2,4,0,99,0.00566666666666667,0
"500",10,5,0.54,0.36,1,0,0.04,0.14,42,1,0,0.55,0.29,0.46,-0.01,0.07,2,"Gold",5,"91-120",42,0.54,0.36,0.10043372051147,-0.358458793251194,2,4,1,99,0,0
"501",6,3,0.52,0.52,0,0,0.02,0.02,42,0,1,0.39,0.55,0.5,0.13,-0.03,3,"Gold",5,"91-120",42,0.52,0.52,0.0501535834647337,0.0501535834647337,2,4,99,99,0,0
"502",5,3,0.5,0.5,1,1,0,0,42,0,0,0.52,0.44,0.52,-0.02,0.06,3,"Gold",5,"91-120",42,0.5,0.5,0,0,2,4,0,0,0.402666666666667,0.349
"503",3,2,0.53,0.36,1,1,0.03,0.14,42,1,0,0.53,0.37,0.49,0,-0.01,2,"Gold",5,"91-120",42,0.53,0.36,0.0752698620998299,-0.358458793251194,2,4,1,0,0,0.759666666666667
"504",4,2,0.49,0.51,0,0,0.01,0.01,42,1,1,0.53,0.53,0.5,-0.04,-0.02,2,"Gold",5,"91-120",42,0.49,0.51,-0.0250689082587111,0.0250689082587111,2,4,99,99,0,0
"505",6,3,0.31,0.33,0,0,0.19,0.17,43,0,1,0.3,0.88,0.47,0.01,-0.55,3,"Platinum",4,"121-150",43,0.31,0.33,-0.495850347347453,-0.439913165673234,3,5,99,99,0,0
"506",7,4,0.28,0.27,0,1,0.22,0.23,43,0,1,0.23,0.89,0.65,0.05,-0.62,1,"Platinum",5,"121-150",43,0.28,0.27,-0.582841507271216,-0.612812991016627,3,5,99,1,0,0
"507",12,6,0.39,0.3,0,0,0.11,0.2,43,1,0,0.79,0.36,0.31,-0.4,-0.06,3,"Platinum",5,"121-150",43,0.39,0.3,-0.279319034447454,-0.524400512708041,3,5,99,99,0,0
"508",11,6,0.74,0.65,1,1,0.24,0.15,43,1,1,0.62,0.48,0.28,0.12,0.17,3,"Platinum",5,"121-150",43,0.74,0.65,0.643345405392917,0.385320466407568,3,5,1,1,0,0
"509",8,4,0.68,0.78,1,0,0.18,0.28,43,0,1,0.24,0.81,0.69,0.44,-0.03,1,"Platinum",5,"121-150",43,0.68,0.78,0.467698799114508,0.772193214188685,3,5,0,99,0,0
"510",10,5,0.32,0.74,0,1,0.18,0.24,43,0,1,0.33,0.71,0.73,-0.01,0.03,2,"Platinum",5,"121-150",43,0.32,0.74,-0.467698799114508,0.643345405392917,3,5,99,1,0,0
"511",4,2,0.66,0.29,1,0,0.16,0.21,43,1,1,0.7,0.7,0.71,-0.0399999999999999,-0.41,2,"Platinum",5,"121-150",43,0.66,0.29,0.412463129441405,-0.553384719555673,3,5,1,99,0,0
"512",1,1,0.31,0.26,0,0,0.19,0.24,43,1,0,0.61,0.34,0.52,-0.3,-0.08,1,"Platinum",5,"121-150",43,0.31,0.26,-0.495850347347453,-0.643345405392917,3,5,99,99,0,0
"513",5,3,0.62,0.75,1,1,0.12,0.25,43,0,1,0.23,0.78,0.51,0.39,-0.03,3,"Platinum",5,"121-150",43,0.62,0.75,0.305480788099397,0.674489750196082,3,5,0,1,0,0
"514",2,1,0.72,0.69,1,1,0.22,0.19,43,1,0,0.77,0.49,0.43,-0.05,0.2,1,"Platinum",5,"121-150",43,0.72,0.69,0.582841507271216,0.495850347347453,3,5,1,0,0,0.00566666666666667
"515",9,5,0.72,0.29,1,0,0.22,0.21,43,0,1,0.37,0.61,0.39,0.35,-0.32,2,"Platinum",5,"121-150",43,0.72,0.29,0.582841507271216,-0.553384719555673,3,5,0,99,0,0
"516",3,2,0.28,0.71,0,1,0.22,0.21,43,1,0,0.89,0.34,0.44,-0.61,0.37,2,"Platinum",5,"121-150",43,0.28,0.71,-0.582841507271216,0.553384719555673,3,5,99,0,0,0
"517",7,4,0.6,0.4,1,0,0.1,0.1,45,0,1,0.3,0.7,0.54,0.3,-0.3,1,"Master",4,"121-150",44,0.6,0.4,0.2533471031358,-0.2533471031358,5,5,0,99,0.000666666666666667,0
"518",3,2,0.62,0.61,0,1,0.12,0.11,45,1,1,0.65,0.67,0.62,-0.03,-0.0600000000000001,2,"Master",4,"121-150",44,0.62,0.61,0.305480788099397,0.279319034447454,5,5,99,1,0,0
"519",5,3,0.19,0.5,0,0,0.31,0,45,0,1,0.23,0.7,0.46,-0.04,-0.2,3,"Master",5,"121-150",44,0.19,0.5,-0.877896295051228,0,5,5,99,99,0,0
"520",12,6,0.09,1,0,0,0.41,0.5,45,1,1,0.59,0.58,0.58,-0.5,0.42,3,"Master",5,"121-150",44,0.09,0.999,-1.34075503369022,3.09023230616781,5,5,99,99,0,0
"521",11,6,0.8,0.63,1,1,0.3,0.13,45,1,1,0.71,0.31,0.53,0.0900000000000001,0.32,3,"Master",5,"121-150",44,0.8,0.63,0.841621233572914,0.331853346436817,5,5,1,1,0,0
"522",1,1,0.42,0.53,0,1,0.08,0.03,45,1,0,0.63,0.4,0.44,-0.21,0.13,1,"Master",5,"121-150",44,0.42,0.53,-0.201893479141851,0.0752698620998299,5,5,99,0,0,0.386
"523",2,1,0.8,0.28,1,0,0.3,0.22,45,1,0,1,0.46,0.55,-0.2,-0.18,1,"Master",5,"121-150",44,0.8,0.28,0.841621233572914,-0.582841507271216,5,5,1,99,0,0
"524",10,5,0.23,0.32,0,0,0.27,0.18,45,1,0,0.57,0.47,0.55,-0.34,-0.15,2,"Master",5,"121-150",44,0.23,0.32,-0.738846849185214,-0.467698799114508,5,5,99,99,0,0
"525",8,4,0.77,0.73,0,1,0.27,0.23,45,0,0,0.56,0.53,0.54,0.21,0.2,1,"Master",3,"121-150",44,0.77,0.73,0.738846849185214,0.612812991016627,5,5,99,0,0,0.0813333333333333
"526",9,5,0.18,0.31,1,1,0.32,0.19,45,0,0,0.34,0.29,0.21,-0.16,0.02,2,"Master",5,"121-150",44,0.18,0.31,-0.915365087842814,-0.495850347347453,5,5,0,0,1,0.998666666666667
"527",4,2,0.34,0,1,0,0.16,0.5,45,0,0,0.47,0.79,0.49,-0.13,-0.79,2,"Master",5,"121-150",44,0.34,0.001,-0.412463129441405,-3.09023230616781,5,5,0,99,0.994666666666667,0
"528",6,3,0.73,1,1,1,0.23,0.5,45,0,0,0.71,0.94,0.65,0.02,0.0600000000000001,3,"Master",5,"121-150",44,0.73,0.999,0.612812991016627,3.09023230616781,5,5,0,0,0.612333333333333,0.998
"529",7,4,0.4,0.6,0,1,0.1,0.1,46,0,0,0.41,0.5,0.52,-0.00999999999999995,0.1,1,"Gold",5,"121-150",45,0.4,0.6,-0.2533471031358,0.2533471031358,2,5,99,0,0,0.0993333333333333
"530",5,3,0.6,0.61,1,1,0.1,0.11,46,1,1,0.6,0.55,0.6,0,0.0599999999999999,3,"Gold",5,"121-150",45,0.6,0.61,0.2533471031358,0.279319034447454,2,5,1,1,0,0
"531",2,1,0.4,0.6,0,1,0.1,0.1,46,1,0,0.6,0.52,0.55,-0.2,0.08,1,"Gold",3,"121-150",45,0.4,0.6,-0.2533471031358,0.2533471031358,2,5,99,0,0,0.133333333333333
"532",11,6,0.45,0.55,0,1,0.05,0.05,46,1,0,0.62,0.45,0.52,-0.17,0.1,3,"Gold",4,"121-150",45,0.45,0.55,-0.125661346855074,0.125661346855074,2,5,99,0,0,0.0926666666666667
"533",3,2,0.64,0.52,1,1,0.14,0.02,46,1,0,0.65,0.45,0.53,-0.01,0.07,2,"Gold",5,"121-150",45,0.64,0.52,0.358458793251194,0.0501535834647337,2,5,1,0,0,0.158333333333333
"534",12,6,0.67,0.45,1,0,0.17,0.05,46,1,1,0.7,0.55,0.58,-0.0299999999999999,-0.1,3,"Gold",4,"121-150",45,0.67,0.45,0.439913165673234,-0.125661346855074,2,5,1,99,0,0
"535",6,3,0.41,0.45,0,0,0.09,0.05,46,0,1,0.4,0.65,0.53,0.00999999999999995,-0.2,3,"Gold",5,"121-150",45,0.41,0.45,-0.227544976641149,-0.125661346855074,2,5,99,99,0,0
"536",4,2,0.4,0.45,0,0,0.1,0.05,46,0,1,0.48,0.55,0.5,-0.08,-0.1,2,"Gold",5,"121-150",45,0.4,0.45,-0.2533471031358,-0.125661346855074,2,5,99,99,0,0
"537",10,5,0.55,0.55,1,1,0.05,0.05,46,0,0,0.4,0.47,0.47,0.15,0.0800000000000001,2,"Gold",5,"121-150",45,0.55,0.55,0.125661346855074,0.125661346855074,2,5,0,0,0.0256666666666667,0.117333333333333
"538",8,4,0.56,0.45,1,0,0.0600000000000001,0.05,46,1,1,0.55,0.55,0.57,0.01,-0.1,1,"Gold",5,"121-150",45,0.56,0.45,0.150969215496777,-0.125661346855074,2,5,1,99,0,0
"539",1,1,0.58,0.45,1,0,0.08,0.05,46,1,1,0.68,0.56,0.55,-0.1,-0.11,1,"Gold",5,"121-150",45,0.58,0.45,0.201893479141851,-0.125661346855074,2,5,1,99,0,0
"540",9,5,0.49,0.52,0,0,0.01,0.02,46,0,1,0.48,0.59,0.56,0.01,-0.07,2,"Gold",5,"121-150",45,0.49,0.52,-0.0250689082587111,0.0501535834647337,2,5,99,99,0,0
"541",3,2,0.7,0.6,1,1,0.2,0.1,47,1,0,0.8,0.3,0.6,-0.1,0.3,2,"Gold",5,"121-150",46,0.7,0.6,0.524400512708041,0.2533471031358,2,5,1,0,0,0
"542",2,1,0.3,0.3,0,0,0.2,0.2,47,1,0,0.65,0.5,0.65,-0.35,-0.2,1,"Gold",5,"121-150",46,0.3,0.3,-0.524400512708041,-0.524400512708041,2,5,99,99,0,0
"543",1,1,0.71,0.72,1,1,0.21,0.22,47,1,1,0.7,0.7,0.7,0.01,0.02,1,"Gold",5,"121-150",46,0.71,0.72,0.553384719555673,0.582841507271216,2,5,1,1,0,0
"544",5,3,0.62,0.81,1,1,0.12,0.31,47,0,1,0.37,0.83,0.79,0.25,-0.0199999999999999,3,"Gold",5,"121-150",46,0.62,0.81,0.305480788099397,0.877896295051229,2,5,0,1,0,0
"545",8,4,0.37,0.8,0,1,0.13,0.3,47,0,1,0.35,0.85,0.76,0.02,-0.0499999999999999,1,"Gold",5,"121-150",46,0.37,0.8,-0.331853346436817,0.841621233572914,2,5,99,1,0,0
"546",6,3,0.34,0.79,0,0,0.16,0.29,47,0,1,0.32,0.76,0.64,0.02,0.03,3,"Gold",5,"121-150",46,0.34,0.79,-0.412463129441405,0.80642124701824,2,5,99,99,0,0
"547",11,6,0.35,0.75,0,1,0.15,0.25,47,1,1,0.76,0.66,0.67,-0.41,0.09,3,"Gold",5,"121-150",46,0.35,0.75,-0.385320466407568,0.674489750196082,2,5,99,1,0,0
"548",10,5,0.74,0.25,1,0,0.24,0.25,47,1,0,0.74,0.38,0.51,0,-0.13,2,"Gold",5,"121-150",46,0.74,0.25,0.643345405392917,-0.674489750196082,2,5,1,99,0,0
"549",9,5,0.38,0.79,0,1,0.12,0.29,47,1,1,0.57,0.83,0.77,-0.19,-0.0399999999999999,2,"Gold",5,"121-150",46,0.38,0.79,-0.305480788099397,0.80642124701824,2,5,99,1,0,0
"550",4,2,0.42,0.8,0,0,0.08,0.3,47,0,1,0.48,0.77,0.64,-0.06,0.03,2,"Gold",5,"121-150",46,0.42,0.8,-0.201893479141851,0.841621233572914,2,5,99,99,0,0
"551",12,6,0.83,0.31,1,0,0.33,0.19,47,1,0,0.83,0.41,0.73,0,-0.1,3,"Gold",5,"121-150",46,0.83,0.31,0.954165253146194,-0.495850347347453,2,5,1,99,0,0
"552",7,4,0.51,0.84,1,0,0.01,0.34,47,0,1,0.16,0.79,0.71,0.35,0.0499999999999999,1,"Gold",5,"121-150",46,0.51,0.84,0.0250689082587111,0.994457883209753,2,5,0,99,0,0
"553",11,6,0.3,0.7,0,1,0.2,0.2,49,1,0,0.79,0.29,0.33,-0.49,0.41,3,"Diamond",4,"91-120",47,0.3,0.7,-0.524400512708041,0.524400512708041,4,4,99,0,0,0
"554",2,1,0.23,0.71,0,0,0.27,0.21,49,1,0,0.66,0.13,0.18,-0.43,0.58,1,"Diamond",3,"91-120",47,0.23,0.71,-0.738846849185214,0.553384719555673,4,4,99,99,0,0
"555",4,2,0.24,0.75,0,1,0.26,0.25,49,1,1,0.62,0.85,0.8,-0.38,-0.1,2,"Diamond",4,"91-120",47,0.24,0.75,-0.706302562840088,0.674489750196082,4,4,99,1,0,0
"556",10,5,0.76,0.19,1,0,0.26,0.31,49,1,0,0.81,0.28,0.37,-0.05,-0.09,2,"Diamond",5,"91-120",47,0.76,0.19,0.706302562840088,-0.877896295051228,4,4,1,99,0,0
"557",5,3,0.74,0.74,1,1,0.24,0.24,49,0,1,0.2,0.79,0.65,0.54,-0.05,3,"Diamond",4,"91-120",47,0.74,0.74,0.643345405392917,0.643345405392917,4,4,0,1,0,0
"558",1,1,0.78,0.68,1,1,0.28,0.18,49,1,0,0.78,0.27,0.54,0,0.41,1,"Diamond",5,"91-120",47,0.78,0.68,0.772193214188685,0.467698799114508,4,4,1,0,0,0
"559",9,5,0.23,0.75,0,1,0.27,0.25,49,1,1,0.77,0.77,0.6,-0.54,-0.02,2,"Diamond",5,"91-120",47,0.23,0.75,-0.738846849185214,0.674489750196082,4,4,99,1,0,0
"560",6,3,0.18,0.21,0,0,0.32,0.29,49,0,1,0.21,0.75,0.76,-0.03,-0.54,3,"Diamond",4,"91-120",47,0.18,0.21,-0.915365087842814,-0.80642124701824,4,4,99,99,0,0
"561",7,4,0.15,0.18,0,0,0.35,0.32,49,0,1,0.19,0.75,0.85,-0.04,-0.57,1,"Diamond",5,"91-120",47,0.15,0.18,-1.03643338949379,-0.915365087842814,4,4,99,99,0,0
"562",8,4,0.74,0.73,1,1,0.24,0.23,49,1,0,0.63,0.2,0.41,0.11,0.53,1,"Diamond",5,"91-120",47,0.74,0.73,0.643345405392917,0.612812991016627,4,4,1,0,0,0
"563",3,2,0.78,0.18,1,0,0.28,0.32,49,1,0,0.76,0.28,0.39,0.02,-0.1,2,"Diamond",4,"91-120",47,0.78,0.18,0.772193214188685,-0.915365087842814,4,4,1,99,0,0
"564",12,6,0.75,0.17,1,0,0.25,0.33,49,1,0,0.79,0.22,0.22,-0.04,-0.05,3,"Diamond",5,"91-120",47,0.75,0.17,0.674489750196082,-0.954165253146194,4,4,1,99,0,0
"565",2,1,0.5,0.21,0,0,0,0.29,50,1,0,0.75,0.37,0.6,-0.25,-0.16,1,"Master",5,"121-150",48,0.5,0.21,0,-0.80642124701824,5,5,99,99,0,0
"566",8,4,0.45,0.8,0,1,0.05,0.3,50,1,1,0.65,0.85,0.7,-0.2,-0.0499999999999999,1,"Master",5,"121-150",48,0.45,0.8,-0.125661346855074,0.841621233572914,5,5,99,1,0,0
"567",5,3,0.4,0.5,1,0,0.1,0,50,0,1,0.3,0.6,0.45,0.1,-0.1,3,"Master",5,"121-150",48,0.4,0.5,-0.2533471031358,0,5,5,0,99,0.890333333333333,0
"568",10,5,0.75,0.7,1,1,0.25,0.2,50,1,0,0.67,0.48,0.54,0.08,0.22,2,"Master",5,"121-150",48,0.75,0.7,0.674489750196082,0.524400512708041,5,5,1,0,0,0.00833333333333333
"569",12,6,0.6,0.69,0,1,0.1,0.19,50,1,1,0.75,0.68,0.7,-0.15,0.0099999999999999,3,"Master",5,"121-150",48,0.6,0.69,0.2533471031358,0.495850347347453,5,5,99,1,0,0
"570",4,2,0.6,0.63,1,1,0.1,0.13,50,0,1,0.5,0.51,0.5,0.1,0.12,2,"Master",5,"121-150",48,0.6,0.63,0.2533471031358,0.331853346436817,5,5,0,1,0.192,0
"571",6,3,0.44,0.79,0,1,0.06,0.29,50,0,1,0.55,0.7,0.62,-0.11,0.0900000000000001,3,"Master",5,"121-150",48,0.44,0.79,-0.150969215496777,0.80642124701824,5,5,99,1,0,0
"572",9,5,0.3,0.3,0,0,0.2,0.2,50,0,0,0.43,0.28,0.33,-0.13,0.02,2,"Master",5,"121-150",48,0.3,0.3,-0.524400512708041,-0.524400512708041,5,5,99,99,0,0
"573",11,6,0.54,0.44,1,0,0.04,0.06,50,1,0,0.62,0.36,0.45,-0.08,0.08,3,"Master",5,"121-150",48,0.54,0.44,0.10043372051147,-0.150969215496777,5,5,1,99,0,0
"574",7,4,0.6,0.6,1,0,0.1,0.1,50,0,1,0.5,0.78,0.66,0.1,-0.18,1,"Master",5,"121-150",48,0.6,0.6,0.2533471031358,0.2533471031358,5,5,0,99,0.189666666666667,0
"575",3,2,0.58,0.31,0,0,0.08,0.19,50,1,0,0.7,0.44,0.53,-0.12,-0.13,2,"Master",5,"121-150",48,0.58,0.31,0.201893479141851,-0.495850347347453,5,5,99,99,0,0
"576",1,1,0.78,0.83,1,1,0.28,0.33,50,1,1,0.68,0.68,0.7,0.1,0.15,1,"Master",5,"121-150",48,0.78,0.83,0.772193214188685,0.954165253146194,5,5,1,1,0,0
"577",3,2,0.5,0.6,0,1,0,0.1,51,1,0,0.6,0.35,0.95,-0.1,0.25,2,"Diamond",5,"121-150",49,0.5,0.6,0,0.2533471031358,4,5,99,0,0,0.000666666666666667
"578",1,1,0.6,0.45,1,0,0.1,0.05,51,1,1,0.6,0.7,0.85,0,-0.25,1,"Diamond",5,"121-150",49,0.6,0.45,0.2533471031358,-0.125661346855074,4,5,1,99,0,0
"579",4,2,0.5,0.5,1,0,0,0,51,0,1,0.45,0.72,0.45,0.05,-0.22,2,"Diamond",5,"121-150",49,0.5,0.5,0,0,4,5,0,99,0.173333333333333,0
"580",10,5,0.65,0.5,1,1,0.15,0,51,0,0,0.3,0.3,0.3,0.35,0.2,2,"Diamond",5,"121-150",49,0.65,0.5,0.385320466407568,0,4,5,0,0,0,0.007
"581",12,6,0.69,0.38,1,0,0.19,0.12,51,1,0,0.7,0.38,0.58,-0.01,0,3,"Diamond",5,"121-150",49,0.69,0.38,0.495850347347453,-0.305480788099397,4,5,1,99,0,0
"582",9,5,0.5,0.5,0,0,0,0,51,1,1,0.6,0.6,0.55,-0.1,-0.1,2,"Diamond",5,"121-150",49,0.5,0.5,0,0,4,5,99,99,0,0
"583",6,3,0.35,0.74,0,0,0.15,0.24,51,0,1,0.35,0.7,0.5,0,0.04,3,"Diamond",5,"121-150",49,0.35,0.74,-0.385320466407568,0.643345405392917,4,5,99,99,0,0
"584",8,4,0.3,0.75,0,0,0.2,0.25,51,0,1,0.4,0.8,0.6,-0.1,-0.05,1,"Diamond",5,"121-150",49,0.3,0.75,-0.524400512708041,0.674489750196082,4,5,99,99,0,0
"585",5,3,0.5,0.6,1,1,0,0.1,51,0,1,0.4,0.68,0.57,0.1,-0.0800000000000001,3,"Diamond",5,"121-150",49,0.5,0.6,0,0.2533471031358,4,5,0,1,0.0923333333333333,0
"586",7,4,0.62,0.67,1,1,0.12,0.17,51,1,1,0.55,0.75,0.66,0.07,-0.08,1,"Diamond",5,"121-150",49,0.62,0.67,0.305480788099397,0.439913165673234,4,5,1,1,0,0
"587",11,6,0.5,0.5,0,1,0,0,51,1,0,0.74,0.45,0.45,-0.24,0.05,3,"Diamond",5,"121-150",49,0.5,0.5,0,0,4,5,99,0,0,0.168666666666667
"588",2,1,0.5,0.5,0,1,0,0,51,1,0,0.6,0.26,0.5,-0.1,0.24,1,"Diamond",5,"121-150",49,0.5,0.5,0,0,4,5,99,0,0,0.001
