,Matchup0_blueIndex,Matchup0_redIndex,Matchup0_Ref,Matchup0_Extreme,Matchup1_blueIndex,Matchup1_redIndex,Matchup1_Ref,Matchup1_Extreme,Matchup2_blueIndex,Matchup2_redIndex,Matchup2_Ref,Matchup2_Extreme,Matchup3_blueIndex,Matchup3_redIndex,Matchup3_Ref,Matchup3_Extreme,Matchup4_blueIndex,Matchup4_redIndex,Matchup4_Ref,Matchup4_Extreme,Matchup5_blueIndex,Matchup5_redIndex,Matchup5_Ref,Matchup5_Extreme,Matchup6_blueIndex,Matchup6_redIndex,Matchup6_Ref,Matchup6_Extreme,Matchup7_blueIndex,Matchup7_redIndex,Matchup7_Ref,Matchup7_Extreme,Matchup8_blueIndex,Matchup8_redIndex,Matchup8_Ref,Matchup8_Extreme,Matchup9_blueIndex,Matchup9_redIndex,Matchup9_Ref,Matchup9_Extreme,Matchup10_blueIndex,Matchup10_redIndex,Matchup10_Ref,Matchup10_Extreme,Matchup11_blueIndex,Matchup11_redIndex,Matchup11_Ref,Matchup11_Extreme,TVJ0_Matchup0,TVJ0_Matchup1,TVJ0_Matchup2,TVJ0_Matchup3,TVJ0_Matchup4,TVJ0_Matchup5,TVJ0_Matchup6,TVJ0_Matchup7,TVJ0_Matchup8,TVJ0_Matchup9,TVJ0_Matchup10,TVJ0_Matchup11,Aud_expertise,Aud_expertise_index,Mid,RT,Prior0_slider0,Prior0_slider1,Prior0_slider2,Prior0_slider3,Prior0_slider4,Prior0_slider5,Prior0_slider6,Prior0_slider7,Prior0_slider8,Prior0_slider9,Prior0_slider10,Prior0_slider11,Interpret0_slider0,Interpret0_slider1,Interpret0_slider2,Interpret0_slider3,Interpret0_slider4,Interpret0_slider5,Interpret0_slider6,Interpret0_slider7,Interpret0_slider8,Interpret0_slider9,Interpret0_slider10,Interpret0_slider11,language,age,gender,education,comments,Browser,OS,screenH,screenW,year_started,league_level,hours_total,games_weekly,champfam_total,max_extreme,criteria,time_in_minutes,participant_id,Concern_lo,Concern_hi,Concern,Matchup0_good,Matchup1_good,Matchup2_good,Matchup3_good,Matchup4_good,Matchup5_good,Matchup6_good,Matchup7_good,Matchup8_good,Matchup9_good,Matchup10_good,Matchup11_good,nGood
1,84,31,1,0,140,67,1,1,144,2,1,0,17,24,1,1,147,112,0,0,21,97,0,1,116,51,1,1,138,89,0,1,133,52,0,1,61,30,0,0,6,1,1,1,53,69,0,1,0,0,1,0,1,0,0,0,1,1,0,0,new,0,1,85.722,0.37,0.42,0.43,0.36,0.71,0.43,0.29,0.29,0.83,0.66,0.65,0.25,0.57,0.55,0.6,0.62,0.69,0.57,0.52,0.57,0.85,0.68,0.68,0.51,English,19,Male,1,A little unclear on the expert opinion rating question in the context of the survey,Chrome,Windows,800,1200,2013,Diamond,"100-1,000",10-Jun,19-24,0.9,0.85,7.453383333,2,0,0,0,0,-1,0,-1,0,-1,-1,-1,-1,0,-1,-1,0
2,20,40,1,0,103,68,1,0,56,122,0,1,54,59,1,1,96,29,0,0,128,105,1,1,34,33,1,1,16,44,1,1,74,70,0,1,77,94,0,1,101,39,0,0,32,38,0,1,1,0,1,1,0,0,0,1,1,0,0,2,experienced,1,0,81.878,0.7,0.3,0.59,0.79,0.44,0.31,0.44,0.57,0.67,0.27,0.42,0.49,0.61,0.52,0.64,0.78,0.54,0.44,0.49,0.64,0.71,0.49,0.51,0.7,English,29,Male,3,NA,Chrome,Linux,740,360,2018,Platinum,"100-1,000",10-Jun,19-24,0.66,0.93,8.0243,3,0,0,0,0,0,1,1,0,-1,-1,1,-1,-1,0,1,4
3,133,52,1,1,61,30,1,0,89,138,1,1,51,116,1,1,144,2,0,0,84,31,0,0,17,24,1,1,67,140,0,1,69,53,0,1,21,97,0,1,6,1,0,1,147,112,1,0,1,0,0,1,0,1,0,0,0,1,0,1,experienced,1,1,134.626,0.37,0.15,0.09,0.68,0.23,0.56,0.25,0.39,0.11,0.41,0.12,0.54,0.64,0.46,0.37,0.71,0.15,0.48,0.27,0.21,0.12,0.47,0.36,0.53,NA,23,Male,2,NA,Safari,iPhone/iPod,667,375,2012,Master,0-10,21-40,0-6,0.66,0.66,8.84755,4,0,0,0,1,0,-1,1,0,0,-1,-1,1,-1,1,0,4
4,61,30,1,0,1,6,1,1,97,21,1,1,138,89,0,1,112,147,1,0,67,140,1,1,144,2,0,0,84,31,0,0,53,69,0,1,24,17,0,1,52,133,0,1,51,116,1,1,0,0,0,1,1,0,1,1,0,0,0,1,new,0,1,97.234,0.35,0.4,0.2,0.6,0.65,0.3,0.6,0.7,0.3,0.4,0.2,0.6,0.55,0.45,0.4,0.7,0.8,0.6,0.65,0.75,0.55,0.6,0.6,0.7,English,29,Male,3,NA,Chrome,Windows,1080,1920,2013,Gold,"100-1,000",5-Mar,12-Jul,0.9,0.75,6.15275,5,0,0,0,0,1,-1,-1,0,1,0,0,-1,-1,1,1,4
5,39,101,1,0,44,16,0,1,40,20,0,0,56,122,1,1,33,34,0,1,103,68,1,0,32,38,0,1,96,29,0,0,70,74,1,1,54,59,0,1,105,128,1,1,77,94,1,1,0,0,1,0,0,0,1,0,2,0,1,1,new,0,0,126.434,0.45,0.4,0.55,0.3,0.35,0.45,0.65,0.4,0.5,0.35,0.7,0.75,0.7,0.7,0.75,0.6,0.6,0.6,0.7,0.65,0.7,0.6,0.75,0.75,NA,33,Male,3,NA,Firefox,Windows,1080,1920,2011,Platinum,"100-1,000",0,13-18,0.9,0.6,7.771833333,6,0,0,0,0,1,0,-1,-1,0,1,0,-1,-1,1,1,4
6,147,112,0,0,69,53,0,1,31,84,1,0,133,52,0,1,6,1,0,1,67,140,1,1,2,144,1,0,97,21,0,1,61,30,0,0,17,24,1,1,116,51,1,1,138,89,1,1,0,2,1,1,1,1,1,1,1,0,1,0,new,0,1,111.034,0.15,0.62,0.84,0.93,0.7,0.57,0.67,0.68,0.69,0.17,0.53,0.51,0.74,0.71,0.82,0.86,0.86,0.73,0.8,0.86,0.91,0.64,0.6,0.63,English,21,Male,4,"There are some exceptions to be made for champs such as Ornn who don’t need to back as regularly or champs with lifesteal and no mana such as Morde, who might have a weaker laning potential but should still come out on top of cs.",Safari,iPhone/iPod,812,375,2012,Gold,"1,000-10,000",20-Nov,19-24,0.9,0.7,9.8699,7,0,0,0,0,1,0,-1,1,1,0,1,0,-1,-1,1,5
7,20,40,1,0,70,74,1,1,105,128,1,1,54,59,1,1,68,103,1,0,77,94,1,1,34,33,0,1,56,122,0,1,16,44,0,1,39,101,0,0,29,96,0,0,38,32,0,1,0,1,0,0,0,1,0,1,0,0,0,0,experienced,1,0,53.389,0.37,0.6,0.25,0.64,0.39,0.63,0.42,0.45,0.43,0.33,0.42,0.62,0.72,0.72,0.67,0.67,0.73,0.73,0.72,0.68,0.71,0.73,0.73,0.72,English,20,Male,3,NA,Chrome,Linux,640,360,2013,Gold,"100-1,000",20-Nov,13-18,0.85,0.65,5.455716667,8,0,0,0,0,-1,1,1,0,1,1,1,-1,0,0,-1,5
8,44,16,0,1,68,103,1,0,20,40,1,0,29,96,0,0,77,94,1,1,122,56,1,1,70,74,0,1,59,54,1,1,101,39,0,0,128,105,1,1,32,38,0,1,33,34,0,1,0,1,0,0,1,1,0,0,1,0,0,0,experienced,1,0,128.469,0.44,0.67,0.27,0.35,0.86,0.71,0.1,0.32,0.7,0.14,0.42,0.13,0.63,0.68,0.66,0.67,0.79,0.72,0.64,0.69,0.75,0.59,0.59,0.64,German,29,Male,3,"Some of these matchups are really jungle dependent. Thinking laning Phase is about 1v1 ing your opponent is just wrong. It’s all about waves, priority and playing around your jungler. Looking at these matchups isolated is possible but kinda pointless, for example Camille-Jax matchup or irelia-Darius. How far one of them gets ahead really depends on whose Jungler is around and how cocky can you play.",Safari,iPhone/iPod,812,375,2012,Master,10-100,21-40,19-24,0.74,0.62,16.70721667,9,0,0,0,1,0,0,0,1,1,1,-1,0,-1,1,-1,5
9,116,51,1,1,147,112,1,0,133,52,1,1,24,17,0,1,21,97,0,1,69,53,1,1,138,89,1,1,67,140,0,1,144,2,1,0,84,31,0,0,6,1,0,1,61,30,0,0,1,0,0,2,0,0,0,2,0,1,2,1,new,0,1,67.566,0.8,0.22,0.38,0.44,0.41,0.25,0.2,0.44,0.47,0.98,0.44,0.91,0.79,0.8,0.79,0.83,0.8,0.8,0.85,0.86,0.84,0.84,0.86,0.77,croatian,18,Female,1,NA,Chrome,Linux,771,360,2014,Diamond,"1,000-10,000",21-40,0-6,0.9,0.69,6.759,10,0,0,0,-1,0,1,-1,-1,-1,1,-1,0,0,1,0,3
10,2,144,0,0,140,67,1,1,69,53,0,1,31,84,1,0,89,138,0,1,147,112,1,0,17,24,1,1,61,30,0,0,97,21,0,1,6,1,1,1,52,133,0,1,116,51,1,1,1,0,1,1,1,1,0,1,0,2,0,0,experienced,1,1,117.712,0.56,0.39,0.59,0.54,0.44,0.53,0.45,0.52,0.48,0.5,0.46,0.55,0.69,0.86,0.77,0.8,0.81,0.7,0.73,0.71,0.7,0.76,0.74,0.71,NA,33,Male,4,NA,Safari,iPhone/iPod,896,414,2010,Platinum,"1,000-10,000",21-40,19-24,0.24,0.82,8.360383333,11,0,0,0,0,-1,1,0,1,0,-1,0,1,-1,1,-1,4
11,96,29,0,0,33,34,0,1,59,54,0,1,77,94,1,1,39,101,0,0,105,128,1,1,40,20,1,0,103,68,1,0,32,38,1,1,56,122,0,1,16,44,1,1,74,70,0,1,2,1,1,1,1,1,1,2,2,1,1,1,experienced,1,0,39.692,0.57,0.7,0.81,0.62,0.54,0.68,0.64,0.55,0.62,0.54,0.6,0.53,0.68,0.62,0.69,0.59,0.62,0.62,0.61,0.58,0.63,0.61,0.6,0.58,NA,18,Male,1,NA,Chrome,Mac,1080,1920,2018,Silver,10-100,10-Jun,12-Jul,0.85,0.65,5.390333333,12,0,0,0,0,-1,1,1,0,1,0,0,-1,1,1,-1,5
12,38,32,1,1,33,34,0,1,29,96,1,0,101,39,0,0,59,54,1,1,128,105,0,1,94,77,1,1,16,44,1,1,56,122,0,1,74,70,0,1,103,68,0,0,40,20,1,0,0,0,0,0,0,1,0,1,1,1,1,0,new,0,0,58.392,0.09,0.08,0.53,0.5,0.03,0.71,0.1,0.78,0.73,0.7,0.73,0.54,0.51,0.48,0.47,0.48,0.5,0.51,0.57,0.52,0.65,0.77,0.79,0.51,Chinese,27,Male,3,NA,Chrome,Linux,915,412,2011,Diamond,"100-1,000",5-Mar,13-18,0.85,0.48,4.140033333,13,0,0,0,1,-1,0,0,-1,1,-1,1,1,-1,0,0,4
13,77,94,0,1,96,29,1,0,68,103,1,0,39,101,0,0,20,40,0,0,33,34,0,1,56,122,0,1,38,32,0,1,44,16,1,1,54,59,1,1,70,74,1,1,128,105,1,1,0,1,1,0,1,0,1,0,0,1,1,0,new,0,0,90.115,0.3,0.55,0.8,0.25,0.75,0.15,0.85,0.45,0.05,0.95,0.8,0.2,0.55,0.6,0.8,0.3,0.85,0.3,0.9,0.65,0.05,0.9,0.8,0.15,German,24,Male,3,NA,Chrome,Windows,1080,1920,2013,Platinum,0-10,20-Nov,13-18,0.95,0.75,5.657316667,14,0,0,0,-1,0,0,0,0,-1,1,-1,-1,1,-1,-1,2
14,147,112,0,0,97,21,0,1,67,140,0,1,17,24,1,1,61,30,1,0,69,53,1,1,31,84,1,0,1,6,1,1,116,51,0,1,138,89,0,1,2,144,0,0,133,52,1,1,0,1,1,0,0,0,1,2,1,1,2,0,experienced,1,1,57.096,0.6,0.8,0.75,0.24,0.11,0.18,0.63,0.46,0.38,0.86,0.51,0.15,0.57,0.93,0.69,0.19,0.22,0.21,0.71,0.52,0.55,0.9,0.55,0.22,English,24,Male,4,NA,Chrome,Linux,854,384,2011,Gold,"1,000-10,000",10-Jun,19-24,0.88,0.59,4.91195,16,0,0,0,0,1,-1,-1,0,-1,0,1,1,-1,0,1,4
15,16,44,1,1,40,20,1,0,128,105,0,1,39,101,0,0,122,56,0,1,38,32,1,1,74,70,0,1,96,29,0,0,94,77,1,1,54,59,0,1,34,33,1,1,68,103,1,0,0,1,1,0,1,0,1,2,0,0,0,1,experienced,1,0,147.794,0.4,0.66,0.81,0.46,0.56,0.4,0.69,0.5,0.11,0.31,0.44,0.57,0.6,0.71,0.84,0.55,0.63,0.53,0.59,0.54,0.55,0.54,0.62,0.64,French,26,Male,3,NA,Chrome,Linux,892,412,2014,Silver,"100-1,000",20-Nov,19-24,0.89,0.59,8.611183333,17,0,0,0,1,0,1,0,-1,1,-1,0,-1,-1,-1,0,3
16,84,31,0,0,112,147,1,0,133,52,1,1,140,67,1,1,53,69,0,1,17,24,0,1,97,21,0,1,1,6,0,1,138,89,1,1,51,116,1,1,2,144,1,0,30,61,0,0,0,0,1,0,0,1,1,0,1,0,1,1,new,0,1,72.931,0.59,0.73,0.77,0.38,0.52,0.54,0.72,0.48,0.7,0.79,0.65,0.76,0.6,0.83,0.79,0.33,0.71,0.83,0.61,0.5,0.78,0.84,0.78,0.81,Polish,20,Male,1,NA,Safari,iPhone/iPod,896,414,2017,Gold,"100-1,000",20-Nov,19-24,0.67,0.81,5.182033333,18,0,0,0,0,0,1,-1,-1,1,1,-1,1,1,0,0,5
17,44,16,0,1,32,38,1,1,105,128,0,1,33,34,1,1,40,20,0,0,94,77,1,1,56,122,0,1,70,74,1,1,54,59,0,1,96,29,1,0,103,68,1,0,39,101,0,0,0,1,0,1,0,0,1,0,0,1,1,1,new,0,0,65.682,0.37,0.83,0.1,0.7,0.29,0.16,0.73,0.61,0.17,0.37,0.6,0.66,0.35,0.76,0.16,0.81,0.31,0.21,0.66,0.67,0.16,0.36,0.63,0.7,Swedish,30,Male,-1,NA,Safari,iPhone/iPod,693,320,2011,Platinum,"1,000-10,000",10-Jun,13-18,0.7,0.85,6.726733333,20,0,0,0,1,-1,-1,1,0,-1,1,-1,-1,0,0,0,3
18,20,40,1,0,16,44,1,1,103,68,0,0,122,56,1,1,32,38,0,1,54,59,0,1,34,33,1,1,74,70,0,1,29,96,0,0,128,105,0,1,39,101,1,0,77,94,1,1,1,2,0,0,1,0,0,1,2,0,0,1,new,0,0,54.685,0.8,0.64,0.34,0.36,0.66,0.24,0.5,0.86,0.56,0.34,0.41,0.68,0.76,0.5,0.55,0.58,0.51,0.52,0.5,0.52,0.56,0.48,0.61,0.48,English,NA,NA,-1,NA,Safari,iPhone/iPod,896,414,2019,Platinum,"100-1,000",2-Jan,19-24,0.91,0.63,6.95715,21,0,0,0,0,1,0,1,1,-1,-1,-1,0,1,0,1,5
19,122,56,0,1,105,128,0,1,101,39,1,0,96,29,0,0,74,70,1,1,94,77,1,1,40,20,1,0,44,16,1,1,34,33,1,1,103,68,0,0,32,38,0,1,59,54,0,1,0,0,1,1,1,1,0,0,0,1,0,1,new,0,0,88.797,0.15,0.14,0.51,0.62,0.59,0.46,0.33,0.29,0.15,0.51,0.43,0.68,0.59,0.58,0.53,0.74,0.65,0.56,0.55,0.53,0.54,0.62,0.58,0.58,NA,NA,Male,-1,NA,Chrome,Linux,869,412,2014,Platinum,"1,000-10,000",21-40,19-24,0.9,0.8,6.40295,22,0,0,0,-1,-1,0,0,1,-1,0,-1,-1,0,1,1,3
20,16,44,1,1,77,94,0,1,128,105,1,1,20,40,0,0,29,96,1,0,34,33,1,1,122,56,0,1,68,103,1,0,54,59,0,1,101,39,0,0,32,38,1,1,70,74,0,1,0,0,0,1,1,1,0,1,0,1,0,0,new,0,0,104.248,0.41,0.15,0.1,0.6,0.65,0.35,0.4,0.58,0.3,0.55,0.4,0.29,0.55,0.51,0.51,0.65,0.7,0.53,0.57,0.65,0.51,0.66,0.55,0.51,NA,27,Male,4,NA,Firefox,Mac,1200,1920,2011,Platinum,"1,000-10,000",5-Mar,0-6,0.7,0.51,7.297233333,25,0,0,0,1,-1,-1,0,0,-1,-1,0,-1,0,-1,1,2
21,74,70,0,1,38,32,1,1,68,103,0,0,39,101,1,0,34,33,1,1,29,96,1,0,94,77,0,1,105,128,1,1,16,44,0,1,59,54,1,1,20,40,0,0,56,122,0,1,1,0,1,1,1,1,1,1,2,0,1,1,experienced,1,0,104.101,0.54,0.75,0.59,0.51,0.38,0.52,0.68,0.67,0.5,0.4,0.62,0.65,0.6,0.83,0.58,0.62,0.52,0.49,0.89,0.59,0.54,0.63,0.76,0.76,NA,NA,NA,-1,NA,Chrome,Linux,800,360,2010,Gold,"100-1,000",10-Jun,0-6,0.75,0.52,7.840983333,26,0,0,0,-1,1,0,0,-1,0,1,1,-1,-1,0,1,4
22,67,140,1,1,17,24,0,1,61,30,0,0,116,51,1,1,147,112,1,0,52,133,1,1,6,1,1,1,69,53,0,1,21,97,0,1,144,2,0,0,31,84,1,0,138,89,0,1,1,1,1,1,0,0,0,0,0,1,1,1,new,0,1,577.962,1,0.65,1,0.76,0.61,0.15,0.55,0.25,0.11,0.83,0.67,0.93,0.85,0.77,0.78,0.73,0.81,0.73,0.75,0.75,0.76,0.76,0.76,0.75,english,27,Male,3,I would imagine a diamond player wouldn't have biases or lie about how much they see lane matchups win. I would think their experience would dictate that and I would be inclined to believe them most times,Chrome,Windows,1080,1920,2012,Silver,"10,000+",0,13-18,0.85,0.75,18.15001667,27,0,0,0,1,1,0,-1,0,-1,-1,1,-1,0,0,-1,3
23,38,32,0,1,68,103,1,0,94,77,1,1,54,59,1,1,33,34,0,1,44,16,1,1,128,105,0,1,20,40,1,0,101,39,0,0,74,70,0,1,56,122,1,1,96,29,0,0,1,1,0,1,0,0,1,0,0,1,0,0,experienced,1,0,80.736,0.93,0.86,0.08,0.89,0.13,0.11,0.92,0.15,0.17,0.92,0.18,0.06,0.92,0.91,0.15,0.87,0.12,0.15,0.55,0.13,0.09,0.93,0.14,0.98,English,21,Male,2,NA,Safari,iPhone/iPod,736,414,2015,Gold,"1,000-10,000",20-Nov,12-Jul,0.71,0.63,9.31445,28,0,0,0,-1,0,-1,1,-1,-1,1,0,0,-1,-1,0,2
24,52,133,1,1,21,97,1,1,116,51,0,1,6,1,1,1,138,89,0,1,147,112,0,0,53,69,0,1,61,30,1,0,84,31,0,0,67,140,1,1,2,144,1,0,24,17,0,1,1,1,1,0,1,1,0,0,1,0,1,0,experienced,1,1,67.35,0.6,0.55,0.74,0.55,0.57,0.52,0.34,0.44,0.63,0.45,0.61,0.45,0.85,0.7,0.87,0.6,0.5,0.71,0.26,0.53,0.64,0.42,0.62,0.41,English,19,Male,2,NA,Chrome,Mac,900,1440,2013,Diamond,"100-1,000",0,13-18,0.63,0.75,5.3839,29,0,0,0,-1,1,1,-1,-1,0,-1,0,0,1,0,-1,3
25,6,1,0,1,31,84,1,0,97,21,1,1,112,147,0,0,140,67,0,1,61,30,0,0,2,144,1,0,116,51,0,1,69,53,1,1,133,52,1,1,89,138,1,1,17,24,0,1,1,1,0,0,1,1,1,1,0,1,1,1,new,0,1,63.991,0.6,0.9,0.34,0.33,0.7,0.7,0.65,0.75,0.43,0.8,0.6,0.77,0.65,0.84,0.61,0.55,0.75,0.77,0.69,0.78,0.66,0.69,0.68,0.75,English,21,Male,2,NA,Chrome,Windows,1080,1920,2013,Master,"1,000-10,000",20-Nov,19-24,0.95,0.7,6.7712,30,0,0,0,1,0,-1,0,1,0,0,1,-1,1,-1,1,5
26,138,89,1,1,1,6,0,1,24,17,1,1,53,69,0,1,31,84,1,0,61,30,0,0,133,52,1,1,97,21,0,1,112,147,1,0,116,51,1,1,67,140,0,1,2,144,0,0,1,1,0,0,0,1,0,1,0,1,1,2,new,0,1,197.388,0.52,0.64,0.27,0.05,0.2,0.6,0.52,0.71,0.34,0.55,0.52,0.51,0.54,0.62,0.51,0.42,0.36,0.65,0.62,0.81,0.33,0.6,0.6,0.61,"English,Tagalog",20,Male,2,NA,Safari,iPhone/iPod,844,390,2019,Silver,"100-1,000",2-Jan,19-24,0.32,0.71,11.88703333,31,0,0,0,1,-1,1,-1,0,0,1,1,0,-1,-1,0,4
27,97,21,1,1,6,1,0,1,52,133,1,1,24,17,0,1,61,30,1,0,112,147,1,0,89,138,1,1,2,144,0,0,53,69,0,1,67,140,1,1,31,84,0,0,51,116,0,1,0,1,1,0,1,1,0,1,0,1,0,1,experienced,1,1,83.315,0.69,0.73,0.56,0.44,0.38,0.69,0.34,0.72,0.23,0.87,0.45,0.4,0.78,0.71,0.68,0.66,0.57,0.76,0.57,0.81,0.47,0.89,0.59,0.54,English,19,Male,1,NA,Safari,iPhone/iPod,568,320,2013,Silver,"100-1,000",20-Nov,13-18,0.73,0.83,5.28595,32,0,0,0,-1,1,-1,-1,0,0,-1,0,-1,1,0,-1,2
28,17,24,1,1,97,21,0,1,133,52,0,1,138,89,1,1,144,2,0,0,69,53,0,1,51,116,1,1,31,84,0,0,140,67,1,1,112,147,1,0,30,61,1,0,1,6,0,1,1,0,1,1,1,0,1,0,0,1,1,1,experienced,1,1,61.47,0.7,0.71,0.65,0.8,0.61,0.3,0.79,0.25,0.27,0.77,0.73,0.8,0.71,0.62,0.79,0.81,0.71,0.62,0.82,0.56,0.55,0.71,0.74,0.85,English,20,Male,2,NA,Safari,iPhone/iPod,896,414,2016,Gold,10-100,21-40,12-Jul,0.94,0.83,4.803033333,33,0,0,0,-1,1,-1,1,0,1,1,0,-1,0,0,-1,4
29,68,103,1,0,101,39,1,0,128,105,0,1,33,34,0,1,54,59,1,1,74,70,1,1,29,96,0,0,16,44,1,1,32,38,0,1,40,20,0,0,56,122,1,1,77,94,0,1,1,0,1,0,1,0,2,1,0,0,0,0,new,0,0,110.104,0.74,0.3,0.65,0.32,0.83,0.31,0.5,0.61,0.35,0.28,0.38,0.2,0.59,0.59,0.62,0.61,0.6,0.63,0.65,0.64,0.56,0.63,0.64,0.65,NA,NA,NA,-1,NA,Chrome,Windows,1080,1920,2012,Grandmaster,"1,000-10,000",21-40,12-Jul,0.91,0.6,23.43915,34,0,0,0,0,0,1,-1,1,1,0,1,1,0,-1,-1,5
30,24,17,0,1,84,31,0,0,52,133,1,1,140,67,1,1,116,51,0,1,2,144,0,0,97,21,0,1,147,112,1,0,1,6,1,1,69,53,0,1,138,89,1,1,30,61,1,0,0,1,1,0,0,1,1,0,1,1,1,1,experienced,1,1,83.125,0.31,0.86,0.73,0.22,0.47,0.5,1,0.29,0.81,0.51,0.71,0.71,0.7,0.66,0.83,0.48,0.68,0.74,0.96,0.23,0.88,0.85,0.67,0.8,english,18,Male,1,NA,Safari,iPhone/iPod,812,375,2012,Grandmaster,"10,000+",41+,19-24,0.79,0.57,8.30635,35,0,0,0,-1,0,-1,-1,1,0,1,0,1,1,1,0,5
31,31,84,0,0,133,52,0,1,97,21,0,1,67,140,1,1,51,116,0,1,53,69,0,1,89,138,1,1,61,30,0,0,24,17,1,1,147,112,1,0,6,1,1,1,2,144,1,0,0,0,1,0,1,0,1,1,1,2,1,1,new,0,1,99.878,0.3,0.42,0.62,0.29,0.61,0.27,0.79,0.6,0.62,0.53,0.61,0.7,0.68,0.68,0.69,0.74,0.72,0.74,0.75,0.71,0.75,0.75,0.73,0.75,English,28,Male,2,NA,Chrome,Linux,854,384,2013,Diamond,"10,000+",2-Jan,0-6,0.77,0.8,10.73423333,36,0,0,0,0,-1,1,1,-1,-1,-1,0,1,0,-1,0,3
32,17,24,1,1,112,147,0,0,84,31,0,0,52,133,1,1,51,116,1,1,97,21,0,1,53,69,1,1,67,140,0,1,89,138,0,1,6,1,0,1,2,144,1,0,30,61,1,0,1,1,2,1,1,2,1,2,2,2,2,1,new,0,1,143.962,0.8,0.8,0.7,0.9,0.9,0.5,0.7,0.4,0.5,0.5,0.5,0.75,0.85,0.85,0.8,0.9,0.95,0.75,0.8,0.65,0.7,0.7,0.65,0.75,English,20,Female,2,NA,Chrome,Windows,1080,1920,2016,Silver,10-100,5-Mar,12-Jul,0.93,0.65,10.13178333,37,0,0,0,-1,0,0,-1,1,1,1,-1,1,1,0,0,5
33,2,144,1,0,52,133,0,1,61,30,1,0,97,21,1,1,51,116,1,1,1,6,0,1,17,24,0,1,84,31,0,0,140,67,0,1,89,138,1,1,147,112,0,0,69,53,1,1,1,1,1,1,1,1,1,1,1,1,1,1,experienced,1,1,55.466,0.64,0.81,0.76,0.59,0.86,0.77,0.59,0.69,0.64,0.7,0.77,0.65,0.68,0.75,0.72,0.75,0.78,0.7,0.72,0.74,0.72,0.71,0.73,0.76,English,18,Male,2,NA,Safari,iPhone/iPod,667,375,2013,Platinum,"1,000-10,000",5-Mar,19-24,0.59,0.66,4.176583333,38,0,0,0,0,1,0,-1,1,-1,1,0,1,-1,0,-1,4
34,105,128,1,1,59,54,1,1,103,68,0,0,101,39,1,0,40,20,1,0,77,94,1,1,122,56,0,1,34,33,0,1,96,29,0,0,44,16,0,1,32,38,0,1,74,70,1,1,1,0,1,0,0,1,0,1,0,0,1,0,new,0,0,92.634,0.72,0.34,0.63,0.55,0.6,0.86,0.25,0.64,0.44,0.57,0.56,0.41,0.79,0.66,0.74,0.6,0.72,0.84,0.7,0.74,0.65,0.66,0.71,0.59,English,23,Male,2,More expansion towards other lanes and/or types of players.,Chrome,Windows,1080,1920,2016,Platinum,"100-1,000",2-Jan,13-18,0.73,0.61,6.072466667,39,0,0,0,1,-1,0,0,0,1,-1,1,0,1,1,1,6
35,101,39,0,0,94,77,0,1,33,34,1,1,20,40,1,0,54,59,0,1,103,68,0,0,70,74,0,1,105,128,1,1,16,44,1,1,96,29,1,0,122,56,1,1,38,32,0,1,2,1,0,0,0,2,0,0,1,0,0,2,experienced,1,0,106.559,0.5,0.87,0.75,0.78,0.2,0.52,0.22,0.73,0.55,0.49,0.49,0.67,0.68,0.82,0.76,0.56,0.27,0.55,0.53,0.7,0.69,0.57,0.7,0.62,Cantonese,20,Male,2,NA,Safari,iPhone/iPod,812,375,2013,Gold,"100-1,000",0,0-6,0.7,0.7,9.199133333,40,0,0,0,0,1,1,0,-1,0,1,1,1,0,1,-1,6
36,56,122,0,1,96,29,0,0,77,94,0,1,74,70,1,1,20,40,1,0,33,34,1,1,16,44,0,1,32,38,1,1,105,128,0,1,54,59,1,1,39,101,1,0,103,68,0,0,1,0,0,1,1,0,1,1,0,1,1,1,new,0,0,147.666,0.7,0.47,0.2,0.33,0.5,0.8,0.6,0.9,0.15,0.65,0.5,0.7,0.81,0.6,0.6,0.65,0.66,0.8,0.81,0.9,0.55,0.6,0.63,0.66,English,19,Male,1,NA,Firefox,Windows,1440,2560,2011,Diamond,"1,000-10,000",20-Nov,13-18,0.9,0.65,5.7805,41,0,0,0,1,0,-1,1,0,1,-1,-1,-1,1,0,0,4
37,94,77,0,1,44,16,0,1,39,101,1,0,29,96,0,0,68,103,1,0,33,34,1,1,32,38,0,1,122,56,1,1,105,128,0,1,20,40,0,0,74,70,1,1,59,54,1,1,1,0,2,2,1,2,2,1,0,1,2,1,experienced,1,0,69.479,0.75,0.67,0.46,0.48,0.5,0.44,0.57,0.63,0.33,0.62,0.5,0.44,0.64,0.65,0.5,0.5,0.65,0.4,0.5,0.64,0.39,0.63,0.5,0.42,portuguese,25,Male,2,I don't play top,Firefox,Linux,720,360,2013,Gold,"100-1,000",10-Jun,12-Jul,0.55,0.25,7.26365,43,0,0,0,1,1,0,0,0,1,1,1,-1,0,1,-1,6
38,40,20,1,0,56,122,1,1,44,16,0,1,39,101,1,0,94,77,0,1,32,38,0,1,128,105,0,1,96,29,0,0,59,54,1,1,33,34,1,1,68,103,0,0,74,70,1,1,0,0,1,1,1,0,0,1,1,1,0,0,new,0,0,153.752,0.45,0.41,0.54,0.58,0.55,0.47,0.45,0.52,0.54,0.54,0.47,0.49,0.51,0.53,0.53,0.54,0.54,0.52,0.51,0.52,0.53,0.54,0.51,0.52,Swiss German,24,Male,2,"I did not like the phrasing of which champion will have more gold after laning phase. Gold is not the only important thing, especially in top lane. ""Who would win this lane?"", would be a much better question, when you think of builds like Gangplank with old Kleptomancy. The definiton of winning a lane could be: be able to destory the tower first, be able to roam without losing much, be able to play with your jungle to get objectifs on the map without losing much.",Chrome,Linux,873,393,2013,Platinum,"100-1,000",20-Nov,19-24,0.42,0.51,20.78345,46,0,0,0,0,-1,1,0,1,1,1,0,-1,1,0,1,6
39,68,103,0,0,59,54,0,1,96,29,1,0,20,40,0,0,101,39,1,0,77,94,0,1,128,105,1,1,33,34,0,1,16,44,1,1,38,32,0,1,122,56,1,1,70,74,1,1,0,1,1,0,0,0,1,0,0,0,0,1,new,0,0,156.483,0.21,0.9,0.6,0.42,0.65,0.75,0.44,0.67,0.3,0.18,0.55,0.67,0.64,0.89,0.82,0.74,0.71,0.61,0.69,0.64,0.77,0.6,0.71,0.78,French,26,Male,2,These graduations depends on the meta.,Safari,iPhone/iPod,896,414,2014,Gold,0-10,10-Jun,19-24,0.9,0.6,12.22561667,47,0,0,0,0,1,0,0,0,-1,-1,-1,1,-1,1,-1,3
40,30,61,1,0,67,140,1,1,116,51,1,1,69,53,0,1,31,84,1,0,147,112,0,0,133,52,1,1,97,21,0,1,6,1,0,1,2,144,0,0,89,138,1,1,24,17,0,1,1,1,0,0,0,0,1,1,1,0,1,0,new,0,1,90.14,0.58,0.77,0.23,0.45,0.38,0.32,0.67,0.59,0.65,0.42,0.52,0.41,0.59,0.8,0.52,0.55,0.53,0.51,0.76,0.59,0.65,0.55,0.59,0.53,NA,NA,NA,-1,NA,Chrome,Linux,869,412,2016,Diamond,"1,000-10,000",5-Mar,19-24,0.95,0.57,6.939566667,49,0,0,0,0,1,-1,1,0,0,1,1,1,0,-1,-1,5
41,67,140,1,1,112,147,0,0,53,69,0,1,1,6,1,1,116,51,1,1,138,89,0,1,61,30,1,0,31,84,0,0,2,144,1,0,52,133,0,1,97,21,1,1,24,17,0,1,1,0,0,1,0,1,0,0,1,0,0,0,experienced,1,1,170.412,0.57,0.59,0.27,0.54,0.32,0.58,0.32,0.18,0.6,0.2,0.22,0.35,0.67,0.56,0.53,0.71,0.56,0.75,0.54,0.52,0.54,0.52,0.55,0.57,English,24,Male,2,Any ranged vs melee assassin matchup is highly dependent upon roam frequency/success rate for overall gold income.,Safari,iPhone/iPod,896,414,2012,Gold,"10,000+",5-Mar,19-24,0.88,0.69,12.85945,51,0,0,0,1,0,-1,1,-1,-1,0,0,0,1,-1,-1,3
42,122,56,1,1,34,33,0,1,70,74,1,1,77,94,0,1,16,44,0,1,96,29,1,0,40,20,0,0,68,103,1,0,32,38,1,1,39,101,0,0,54,59,1,1,128,105,0,1,0,1,1,0,0,0,1,1,1,1,0,1,experienced,1,0,52.729,0.72,0.85,0.57,0.28,0.16,0.29,0.85,0.83,0.87,0.69,0.79,0.88,1,0.89,0.89,1,0.82,0.82,0.96,0.87,0.86,0.87,0.84,0.8,English,37,Male,2,NA,Chrome,Windows,1440,2560,2009,Gold,"10,000+",5-Mar,13-18,0.85,0.74,3.929366667,52,0,0,0,1,1,-1,-1,-1,0,0,0,-1,0,1,1,4
43,32,38,1,1,33,34,0,1,105,128,1,1,16,44,1,1,56,122,0,1,96,29,1,0,59,54,0,1,101,39,1,0,40,20,0,0,74,70,0,1,77,94,1,1,103,68,0,0,1,2,0,1,0,1,1,1,0,1,1,1,new,0,0,7481.176,0.63,0.51,0.4,0.51,0.34,0.54,0.65,0.69,0.52,0.7,0.81,0.39,0.8,0.8,0.8,0.8,0.8,0.8,0.79,0.8,0.79,0.8,0.8,0.8,English,19,Male,2,NA,Chrome,Windows,1080,1920,2017,Silver,"1,000-10,000",10-Jun,0-6,0.6,0.8,129.2395,53,0,0,0,-1,-1,1,1,1,0,1,0,0,-1,1,0,5
44,59,54,0,1,96,29,1,0,70,74,1,1,68,103,0,0,32,38,0,1,34,33,1,1,122,56,0,1,94,77,1,1,101,39,1,0,128,105,1,1,40,20,0,0,44,16,0,1,1,1,1,0,1,1,1,1,0,0,1,1,experienced,1,0,73.195,0.75,0.6,0.3,0.25,0.5,0.3,0.75,0.25,0.25,0.25,0.74,0.6,0.75,0.75,0.75,0.75,0.74,0.75,0.75,0.74,0.76,0.73,0.75,0.75,English,20,Male,2,NA,Chrome,Windows,1440,2560,2017,Diamond,"100-1,000",10-Jun,0-6,0.9,0.75,14.15315,54,0,0,0,1,0,-1,0,1,-1,-1,-1,0,-1,0,1,3
45,34,33,1,1,29,96,0,0,16,44,1,1,59,54,0,1,105,128,1,1,74,70,0,1,39,101,1,0,77,94,0,1,38,32,1,1,122,56,0,1,103,68,1,0,20,40,0,0,1,0,1,1,1,1,0,0,0,0,0,1,experienced,1,0,116.631,0.3,0.43,0.56,0.54,0.77,0.8,0.6,0.43,0.38,0.33,0.3,0.55,0.25,0.6,0.6,0.83,0.85,0.85,0.4,0.37,0.65,0.27,0.35,0.45,NA,NA,NA,-1,NA,Chrome,Windows,1080,1920,2012,Diamond,"10,000+",5-Mar,13-18,0.75,0.75,6.9011,56,0,0,0,-1,0,1,1,1,-1,0,-1,1,-1,0,0,4
46,52,133,0,1,6,1,0,1,89,138,1,1,116,51,0,1,67,140,1,1,30,61,1,0,144,2,1,0,21,97,1,1,31,84,0,0,53,69,0,1,24,17,1,1,112,147,0,0,0,0,1,0,1,1,0,1,0,0,1,0,experienced,1,1,119.055,0.37,0.4,0.73,0.42,0.61,0.67,0.36,0.74,0.32,0.25,0.74,0.3,0.65,0.66,0.7,0.7,0.71,0.74,0.69,0.7,0.62,0.63,0.79,0.63,English,22,Male,3,NA,Chrome,Windows,864,1536,2012,Diamond,"1,000-10,000",20-Nov,19-24,0.7,0.71,4.841933333,57,0,0,0,1,1,-1,1,1,0,0,1,0,-1,1,0,6
47,68,103,1,0,105,128,1,1,77,94,0,1,59,54,1,1,101,39,0,0,74,70,0,1,33,34,0,1,122,56,1,1,29,96,0,0,38,32,0,1,20,40,1,0,44,16,1,1,1,1,0,0,2,1,0,1,2,0,1,0,new,0,0,205.587,0.8,0.75,0.1,0.1,0.5,0.7,0.35,0.8,0.5,0.45,0.95,0.5,0.8,0.85,0.6,0.6,0.6,0.7,0.7,0.85,0.55,0.55,0.95,0.6,"English, Vietnamese",19,Male,2,"Top Lane used to be the lane I played all the time, but in the past year, I've moved to mostly playing Mid Lane and only sometimes playing Top Lane. This may have influenced my answers a bit.",Chrome,Windows,864,1536,2017,Silver,"1,000-10,000",2-Jan,13-18,1,0.9,18.23803333,59,0,0,0,0,1,-1,-1,0,-1,-1,1,0,-1,0,-1,2
48,59,54,0,1,38,32,0,1,105,128,1,1,94,77,1,1,20,40,0,0,101,39,1,0,96,29,0,0,122,56,1,1,33,34,0,1,68,103,1,0,74,70,0,1,16,44,1,1,1,0,0,0,1,1,1,1,0,0,1,0,new,0,0,140.586,0.78,0.13,0.41,0.3,0.77,0.63,0.71,0.58,0.41,0.46,0.69,0.41,0.87,0.58,0.53,0.53,0.89,0.66,0.75,0.67,0.56,0.55,0.7,0.6,German,25,Male,3,NA,Chrome,Linux,740,360,2014,Diamond,"1,000-10,000",20-Nov,19-24,0.93,0.62,9.327483333,60,0,0,0,1,-1,1,-1,0,0,0,1,-1,0,-1,1,4
49,140,67,0,1,112,147,1,0,31,84,1,0,21,97,0,1,53,69,1,1,144,2,0,0,116,51,0,1,89,138,1,1,1,6,0,1,52,133,1,1,61,30,0,0,17,24,1,1,1,2,1,2,1,1,0,0,1,1,2,0,experienced,1,1,113.934,0.51,0.5,0.55,0.5,0.6,0.51,0.45,0.49,0.53,0.6,0.5,0.46,0.55,0.55,0.55,0.55,0.6,0.55,0.6,0.6,0.55,0.65,0.55,0.55,English,23,Male,2,"Maybe I'm just washed because I haven't played the game at a high level in four~ years, but I imagine a number of the champs like Talon/Kat/Qi all love to just permaroam, even during laning. Often I wasn't sure how to rate matchups because in the pure 1v1 one laner can destroy the other, but jungle matchup and roaming conditions can trivialize the actual 1v1. Not sure what the purpose of the study is, but I think distinguishing between pure 1v1 laning vs jungler influence and roaming would give more less subjectivity to how people answer.",Chrome,Windows,864,1536,2013,Gold,"1,000-10,000",0,19-24,0.75,0.55,11.63546667,61,0,0,0,1,0,0,-1,1,0,1,-1,-1,-1,0,-1,3
50,103,68,1,0,122,56,0,1,33,34,0,1,40,20,0,0,38,32,0,1,39,101,1,0,29,96,0,0,44,16,0,1,70,74,1,1,54,59,1,1,128,105,1,1,94,77,1,1,2,0,1,1,1,1,1,0,1,1,0,0,experienced,1,0,64.406,0.48,0.21,0.64,0.67,0.94,0.78,0.83,0.3,0.7,0.88,0.87,0.61,0.81,0.83,0.83,0.74,0.79,0.86,0.81,0.71,0.82,0.79,0.71,0.76,English,21,Male,2,NA,Chrome,Linux,915,412,2019,Gold,"100-1,000",10-Jun,13-18,0.51,0.76,4.48415,62,0,0,0,0,-1,-1,0,-1,0,0,1,-1,1,-1,-1,2
51,70,74,1,1,68,103,1,0,105,128,0,1,59,54,0,1,40,20,0,0,32,38,0,1,33,34,1,1,94,77,0,1,39,101,0,0,16,44,1,1,29,96,1,0,56,122,1,1,1,2,0,1,1,0,2,0,0,1,0,0,experienced,1,0,114.764,0.61,0.51,0.26,0.66,0.82,0.39,0.45,0.36,0.34,0.78,0.37,0.48,0.78,0.75,0.77,0.79,0.89,0.77,0.8,0.81,0.79,0.82,0.72,0.74,English,20,Female,2,"Might want to include an option for ""unranked"" rather than just below 30 and then iron/bronze/silver/ etc. I personally haven't played competitive since season 3 so unranked is usually what I describe myself as.",Chrome,Linux,846,412,2012,Silver,0-10,0,0-6,0.74,0.65,17.89185,63,0,0,0,-1,0,-1,1,0,1,1,1,0,1,0,-1,5
52,77,94,0,1,122,56,0,1,38,32,1,1,105,128,0,1,44,16,1,1,74,70,0,1,20,40,0,0,39,101,1,0,96,29,1,0,54,59,1,1,68,103,0,0,33,34,1,1,0,0,0,0,0,1,2,0,2,1,0,1,experienced,1,0,102.182,0.4,0.45,0.35,0.35,0.35,0.75,0.5,0.15,0.5,0.75,0.5,0.35,0.55,0.55,0.55,0.55,0.55,0.7,0.66,0.51,0.51,0.7,0.52,0.66,Vietnamese,20,Male,2,No jg matchups??,Chrome,Windows,720,1280,2015,Diamond,"100-1,000",0,13-18,0.9,0.51,10.62038333,64,0,0,0,-1,-1,1,-1,-1,-1,0,0,0,1,0,1,3
53,53,69,1,1,51,116,0,1,52,133,1,1,24,17,1,1,89,138,0,1,21,97,0,1,144,2,0,0,30,61,0,0,112,147,1,0,140,67,1,1,6,1,0,1,84,31,1,0,1,1,1,1,1,0,1,0,1,1,1,1,experienced,1,1,54.032,0.54,0.45,0.47,0.59,0.6,0.54,0.5,0.4,0.43,0.64,0.52,0.54,0.49,0.53,0.52,0.5,0.51,0.49,0.49,0.51,0.53,0.51,0.5,0.52,Chinese,21,Male,2,NA,Chrome,Windows,864,1536,2016,Grandmaster,10-100,21-40,0-6,0.99,1,5.043033333,65,0,0,0,1,-1,-1,1,1,-1,0,0,0,-1,1,0,4
54,128,105,0,1,94,77,1,1,68,103,0,0,33,34,1,1,39,101,0,0,44,16,1,1,122,56,1,1,29,96,1,0,74,70,0,1,59,54,0,1,38,32,0,1,20,40,1,0,0,0,0,1,1,1,1,1,1,1,1,1,experienced,1,0,66.926,0.28,0.1,0.4,0.83,0.5,0.85,0.87,0.74,0.5,0.92,0.9,0.65,0.6,0.6,0.6,0.6,0.6,0.6,0.6,0.6,0.6,0.6,0.6,0.6,Chinese,20,Male,2,NA,Chrome,Windows,1440,2560,2013,Gold,"1,000-10,000",2-Jan,13-18,0.85,0.7,4.66765,67,0,0,0,1,-1,0,1,0,-1,1,0,-1,1,-1,0,4
55,112,147,0,0,140,67,0,1,31,84,0,0,89,138,0,1,52,133,0,1,69,53,0,1,24,17,1,1,97,21,1,1,30,61,1,0,51,116,1,1,144,2,1,0,1,6,1,1,1,1,1,0,0,1,2,2,1,0,0,2,new,0,1,63.807,0.72,0.7,0.73,0.33,0.41,0.53,0.69,0.42,0.87,0.2,0.47,0.5,0.76,0.75,0.74,0.76,0.75,0.74,0.75,0.75,0.78,0.73,0.74,0.75,NA,NA,NA,-1,NA,Chrome,Windows,1080,1920,2012,Diamond,"1,000-10,000",20-Nov,12-Jul,0.9,0.69,4.481183333,68,0,0,0,0,1,0,1,1,1,1,-1,0,1,0,1,7
56,6,1,0,1,84,31,1,0,61,30,0,0,53,69,0,1,52,133,1,1,138,89,0,1,17,24,0,1,21,97,1,1,140,67,1,1,112,147,0,0,51,116,1,1,2,144,1,0,0,0,1,0,1,1,0,1,0,0,1,1,new,0,1,64.937,0.4,0.1,0.6,0.1,0.66,0.58,0.32,0.66,0.59,0.16,0.57,0.57,0.71,0.26,0.66,0.3,0.72,0.64,0.63,0.76,0.79,0.37,0.68,0.79,NA,18,Male,1,NA,Chrome,Windows,1080,1920,2014,Gold,"1,000-10,000",20-Nov,12-Jul,0.81,0.92,7.37255,69,0,0,0,1,0,0,-1,-1,-1,1,1,-1,0,1,0,4
57,84,31,0,0,144,2,0,0,147,112,1,0,138,89,1,1,52,133,0,1,6,1,1,1,21,97,1,1,69,53,0,1,140,67,1,1,61,30,1,0,24,17,0,1,51,116,0,1,0,1,2,1,0,0,0,0,0,0,0,0,experienced,1,1,154.734,0.22,0.88,0.34,0.22,0.57,0.28,0.31,0.72,0.33,0.35,0.11,0.56,0.66,0.86,0.65,0.81,0.62,0.68,0.62,0.82,0.2,0.37,0.21,0.62,NA,NA,NA,-1,"Honestly I suck at midlane and have no clue how any of these matchups go, but i used my knowledge of these champs abilites to try and figure it out.",Chrome,Windows,1050,1680,2018,Gold,10-100,21-40,0-6,0.92,0.51,10.76483333,70,0,0,0,0,0,0,1,1,-1,1,1,-1,0,-1,-1,4
58,54,59,0,1,68,103,0,0,128,105,0,1,39,101,0,0,32,38,1,1,29,96,1,0,44,16,0,1,20,40,1,0,33,34,1,1,70,74,0,1,56,122,1,1,77,94,1,1,0,0,1,0,1,0,1,1,1,0,0,1,experienced,1,0,132.105,0.35,0.19,0.78,0.41,0.71,0.32,0.84,0.53,0.64,0.1,0.22,0.79,0.7,0.79,0.68,0.82,0.73,0.87,0.75,0.66,0.75,0.95,0.85,0.66,NA,NA,NA,-1,NA,Safari,iPhone/iPod,812,375,2016,Platinum,"100-1,000",10-Jun,19-24,0.85,0.75,8.15225,71,0,0,0,-1,0,1,0,-1,0,1,0,1,1,-1,1,5
59,112,147,1,0,30,61,0,0,97,21,0,1,140,67,1,1,89,138,1,1,17,24,0,1,6,1,1,1,144,2,1,0,116,51,0,1,69,53,1,1,31,84,0,0,133,52,0,1,2,1,0,0,2,1,1,0,1,0,2,1,new,0,1,64.533,0.43,0.69,0.49,0.21,0.46,0.64,0.41,0.38,0.58,0.38,0.54,0.63,0.69,0.66,0.67,0.58,0.65,0.85,0.68,0.58,0.72,0.61,0.66,0.86,French,21,Male,4,NA,Chrome,Linux,780,360,2014,Platinum,"1,000-10,000",20-Nov,0-6,0.89,0.67,6.06005,72,0,0,0,0,0,1,-1,-1,1,-1,0,1,-1,0,-1,3
60,34,33,0,1,38,32,0,1,54,59,0,1,16,44,1,1,40,20,1,0,68,103,0,0,105,128,0,1,77,94,1,1,101,39,1,0,122,56,1,1,96,29,0,0,74,70,1,1,1,1,1,0,0,0,0,1,0,1,0,0,new,0,0,63.833,0.64,0.67,0.67,0.68,0.53,0.52,0.31,0.59,0.51,0.68,0.51,0.59,0.61,0.62,0.61,0.7,0.62,0.63,0.67,0.64,0.64,0.65,0.65,0.69,English,25,Male,2,N/a,Safari,iPhone/iPod,896,414,2011,Platinum,0-10,21-40,13-18,0.7,0.62,5.99555,73,0,0,0,1,-1,-1,1,0,0,-1,1,0,1,0,1,5
61,16,44,1,1,29,96,1,0,70,74,1,1,77,94,0,1,128,105,0,1,33,34,0,1,68,103,1,0,101,39,0,0,32,38,1,1,54,59,1,1,122,56,0,1,40,20,0,0,1,1,1,0,1,0,1,0,1,1,0,0,experienced,1,0,57.77,0.71,0.66,0.97,0.1,0.72,0.34,0.72,0.72,0.74,0.83,0.41,0.45,0.82,0.8,0.76,0.75,0.83,0.79,0.77,0.78,0.77,0.79,0.78,0.83,Italian,NA,Male,0,NA,Chrome,Linux,760,360,2018,Gold,"100-1,000",41+,13-18,0.92,0.72,10.70875,74,0,0,0,1,0,-1,-1,1,-1,0,0,-1,1,-1,0,3
62,112,147,0,0,1,6,1,1,51,116,1,1,69,53,0,1,17,24,0,1,84,31,0,0,2,144,1,0,133,52,1,1,138,89,0,1,30,61,1,0,97,21,0,1,67,140,1,1,0,1,1,1,1,1,0,1,0,1,1,0,experienced,1,1,41.635,0.88,0.56,0.99,0.88,0.67,0.53,0.31,0.56,0.4,0.72,0.63,0.7,0.29,0.49,0.5,0.53,0.54,0.48,0.51,0.44,0.48,0.48,0.5,0.52,Sweden,23,Male,2,This was a bitch to fill out on mobile so i just put as Close to 50 as i could on THE last Collection of sliders. And i dident get te he last queation.,Chrome,Linux,732,412,2013,Diamond,"1,000-10,000",21-40,19-24,0.92,0.49,8.9107,75,0,0,0,0,1,1,1,1,0,0,1,-1,0,1,1,7
63,97,21,1,1,116,51,0,1,147,112,0,0,53,69,0,1,144,2,0,0,133,52,1,1,138,89,0,1,31,84,1,0,1,6,1,1,17,24,0,1,61,30,1,0,67,140,1,1,0,1,1,0,1,0,1,0,1,1,0,1,new,0,1,107.646,0.34,0.75,0.64,0.27,0.64,0.18,0.63,0.32,0.64,0.61,0.38,0.71,0.6,0.78,0.62,0.62,0.76,0.62,0.62,0.58,0.74,0.65,0.56,0.73,German,19,Male,1,NA,Safari,iPhone/iPod,896,414,2019,Gold,"100-1,000",20-Nov,13-18,0.85,0.59,8.528766667,76,0,0,0,-1,1,0,-1,0,1,-1,0,1,1,0,1,5
64,34,33,1,1,38,32,1,1,44,16,1,1,103,68,1,0,122,56,0,1,29,96,0,0,59,54,0,1,70,74,0,1,101,39,0,0,77,94,0,1,105,128,1,1,20,40,1,0,0,0,0,0,0,1,1,1,2,0,2,1,experienced,1,0,83.536,0.76,0.59,0.16,0.4,0.47,0.59,0.64,0.43,0.51,0.41,0.5,0.57,0.57,0.49,0.51,0.56,0.51,0.61,0.6,0.44,0.56,0.58,0.63,0.68,"English, Mandarin",20,Male,2,NA,Safari,iPhone/iPod,812,375,2019,Gold,"100-1,000",5-Mar,13-18,0.6,0.61,7.643916667,77,0,0,0,-1,1,-1,0,-1,0,1,1,0,-1,1,0,4
65,33,34,0,1,56,122,1,1,40,20,0,0,96,29,1,0,94,77,1,1,70,74,1,1,38,32,0,1,44,16,1,1,101,39,0,0,128,105,0,1,103,68,1,0,54,59,0,1,0,0,0,1,0,2,2,1,0,1,0,0,experienced,1,0,92.112,0.28,0.11,0.3,0.65,0.4,0.53,0.58,0.52,0.34,0.8,0.53,0.36,0.37,0.25,0.32,0.71,0.58,0.69,0.59,0.66,0.32,0.94,0.33,0.22,French,NA,Male,1,NA,Chrome,Linux,740,360,2019,Silver,"100-1,000",10-Jun,0-6,0.81,0.7,5.459133333,78,0,0,0,-1,-1,0,0,-1,-1,-1,-1,0,1,0,-1,1
66,101,39,1,0,56,122,0,1,105,128,0,1,74,70,1,1,59,54,1,1,34,33,0,1,44,16,0,1,94,77,1,1,20,40,0,0,32,38,1,1,68,103,1,0,29,96,0,0,0,1,0,0,1,1,1,0,0,1,1,1,experienced,1,0,72.338,0.49,0.9,0.07,0.32,0.44,0.81,0.59,0.61,0.53,0.8,0.73,0.61,0.75,0.91,0.2,0.54,0.55,0.85,0.71,0.61,0.73,0.88,0.84,0.66,English,19,Male,2,"At the diamond level, I don’t completely expect the lane to just be Champion A vs. Champion B. I would expect the jungler to assist, and I believe that would impact the lane no matter how much of a counter one champion is to the other.",Safari,iPhone/iPod,812,375,2015,Gold,"1,000-10,000",20-Nov,13-18,0.66,0.7,6.940716667,79,0,0,0,0,1,-1,1,-1,1,1,-1,0,-1,0,0,4
67,52,133,1,1,69,53,1,1,140,67,1,1,30,61,1,0,17,24,0,1,144,2,1,0,89,138,0,1,84,31,0,0,116,51,0,1,112,147,0,0,21,97,1,1,6,1,0,1,1,0,0,0,1,1,2,2,0,1,1,1,new,0,1,875.743,0.7,0.25,0.2,0.15,0.85,0.6,0.5,0.5,0.3,0.6,0.8,0.85,0.7,0.45,0.6,0.5,0.8,0.7,0.7,0.6,0.55,0.85,0.8,0.85,Cantonese,19,Male,2,NA,Chrome,Windows,1080,1920,2012,Platinum,"1,000-10,000",5-Mar,0-6,0.8,0.7,24.52883333,80,0,0,0,-1,-1,-1,0,1,0,1,0,1,0,1,1,5
68,61,30,0,0,31,84,0,0,24,17,0,1,2,144,1,0,140,67,1,1,147,112,1,0,51,116,1,1,52,133,0,1,69,53,1,1,138,89,1,1,1,6,0,1,97,21,0,1,1,0,0,1,0,1,0,0,0,0,1,1,experienced,1,1,28.486,0.72,0.22,0.15,0.67,0.41,0.63,0.3,0.39,0.38,0.37,0.79,0.73,0.81,0.78,0.77,0.79,0.76,0.79,0.77,0.7,0.78,0.79,0.77,0.74,NA,21,Female,2,NA,Safari,iPhone/iPod,736,414,2016,Gold,"100-1,000",2-Jan,19-24,0.92,0.83,3.095583333,82,0,0,0,0,0,-1,0,-1,0,1,1,-1,1,-1,1,4
69,31,84,1,0,112,147,0,0,52,133,1,1,2,144,1,0,67,140,1,1,61,30,0,0,21,97,1,1,51,116,0,1,24,17,1,1,53,69,0,1,1,6,0,1,138,89,0,1,1,0,1,0,1,1,1,0,1,1,0,0,experienced,1,1,51.226,0.6,0.43,0.66,0.51,0.67,0.53,0.42,0.18,0.66,0.71,0.38,0.22,0.76,0.31,0.73,0.53,0.74,0.46,0.64,0.21,0.78,0.74,0.3,0.27,"English, Korean",19,Male,2,NA,Chrome,Mac,1050,1680,2017,Challenger,"1,000-10,000",5-Mar,19-24,0.3,0.69,4.339266667,83,0,0,0,0,0,-1,0,1,0,1,-1,1,-1,-1,-1,3
70,32,38,0,1,39,101,1,0,94,77,1,1,34,33,1,1,103,68,0,0,105,128,0,1,74,70,0,1,96,29,1,0,122,56,1,1,20,40,0,0,54,59,0,1,44,16,1,1,1,2,0,0,1,0,1,2,0,0,0,0,new,0,0,60.334,0.6,0.6,0.27,0.42,0.62,0.4,0.6,0.46,0.42,0.3,0.13,0.45,0.57,0.62,0.67,0.67,0.66,0.64,0.62,0.65,0.66,0.62,0.69,0.62,English,20,Male,2,The slider was hard to use on mobile. Couldn’t accurately click because my thumbs are big,Safari,iPhone/iPod,667,375,2015,Diamond,"100-1,000",20-Nov,12-Jul,0.71,0.66,5.683016667,84,0,0,0,1,0,-1,-1,0,-1,-1,0,1,0,-1,-1,2
71,70,74,1,1,96,29,1,0,16,44,1,1,101,39,0,0,32,38,1,1,122,56,0,1,77,94,1,1,20,40,1,0,54,59,0,1,105,128,0,1,34,33,0,1,68,103,0,0,0,1,0,1,1,0,0,0,0,0,1,1,new,0,0,95.157,0.56,0.58,0.5,0.5,0.6,0.4,0.48,0.5,0.13,0.25,0.53,0.5,0.57,0.58,0.5,0.62,0.64,0.45,0.48,0.54,0.3,0.28,0.62,0.59,"English, Spanish",20,Male,2,"I started playing March 2021, I didn't see 2021 as an available option.",Chrome,Windows,1080,1920,0,Silver,10-100,10-Jun,13-18,0.81,0.67,29.91183333,85,0,0,0,-1,0,1,0,-1,-1,1,0,-1,-1,1,0,3
72,77,94,0,1,96,29,0,0,20,40,1,0,32,38,1,1,103,68,1,0,101,39,0,0,128,105,1,1,70,74,1,1,16,44,0,1,122,56,0,1,33,34,1,1,59,54,0,1,1,0,0,0,2,1,0,1,0,0,1,1,new,0,0,84.663,1,0,0,0.5,0.5,1,0.5,1,0,0.5,1,1,1,1,1,1,1,1,1,1,1,1,1,1,English,21,Male,2,NA,Chrome,Windows,1080,1920,2018,Gold,"1,000-10,000",21-40,0-6,1,0.56,10.12381667,86,0,0,0,-1,0,0,-1,0,0,-1,-1,-1,-1,1,1,2
73,51,116,1,1,138,89,0,1,17,24,1,1,53,69,1,1,1,6,0,1,97,21,1,1,84,31,1,0,144,2,0,0,52,133,0,1,140,67,0,1,30,61,1,0,112,147,0,0,0,1,0,1,1,1,1,2,1,0,1,0,experienced,1,1,154.632,0.35,0.8,0.36,0.62,0.8,0.82,0.65,0.5,0.65,0.36,0.63,0.25,0.57,0.8,0.6,0.7,0.88,0.51,0.58,0.6,0.72,0.52,0.64,0.51,English,20,Male,2,"Consider adding how many hours of pro league we've watched. I don't really play the game all too much, but I definitely watch a ton of hours of professional play.",Chrome,Windows,864,1536,2019,Silver,10-100,0,0-6,0.85,0.7,10.38196667,87,0,0,0,1,-1,-1,1,-1,-1,0,0,1,1,0,0,4
74,33,34,1,1,54,59,0,1,29,96,0,0,70,74,0,1,40,20,1,0,56,122,1,1,94,77,0,1,44,16,1,1,38,32,0,1,103,68,1,0,39,101,0,0,128,105,1,1,1,0,1,0,1,1,1,0,1,1,1,0,new,0,0,80.298,0.72,0.25,0.86,0.3,0.59,0.72,0.61,0.14,0.64,0.59,0.64,0.23,0.75,0.22,0.86,0.25,0.67,0.71,0.57,0.14,0.69,0.65,0.8,0.16,Spanish,20,Male,2,the question about what people think experts mean is a little miandering,Chrome,Windows,1440,2560,2016,Silver,"1,000-10,000",10-Jun,19-24,0.85,0.62,6.750066667,88,0,0,0,1,-1,0,1,0,-1,1,-1,-1,0,0,-1,3
75,29,96,0,0,34,33,1,1,77,94,1,1,32,38,1,1,56,122,0,1,103,68,1,0,39,101,1,0,40,20,0,0,70,74,1,1,59,54,0,1,16,44,0,1,128,105,0,1,0,1,1,0,1,0,0,0,1,1,1,1,experienced,1,0,182.61,0.4,0.2,0.6,0.4,0.7,0.35,0.45,0.35,0.8,0.9,0.55,0.9,0.7,0.7,0.7,0.7,0.7,0.7,0.7,0.7,0.7,0.7,0.7,0.7,English/Spanish,20,Male,2,NA,Safari,Mac,900,1440,2015,Silver,"100-1,000",2-Jan,13-18,0.7,0.7,13.091,89,0,0,0,0,-1,1,-1,1,0,0,0,-1,1,-1,1,4
