Comp,CompType,EarlyResponse,LateResponse,SpeakerEarly,SpeakerLate,TransformEarly,TransformLate,ParticipantID,EarlyTVJ,LateTVJ,EarlyPrior,LatePrior,GenPrior,EarlyShift,LateShift,CompBorderline,Participant,UnextremeEarly,UnextremeLate,ProbitEarly,ProbitLate,FromSpeakerEarly,FromSpeakerLate
7,4,0.57,0.7,0,0,0.07,0.2,2,1,0,0.58,0.38,0.5,-0.01,0.32,1,1,0.57,0.7,0.176374165,0.524400513,0.57,0.7
4,2,0.42,0.47,0,1,0.08,0.03,2,1,0,0.56,0.59,0.62,-0.14,0.09,2,1,0.42,0.47,-0.201893479,-0.075269862,0.42,0.53
12,6,0.81,0.79,1,0,0.31,0.29,2,1,1,0.8,0.78,0.78,0.01,0.41,3,1,0.81,0.79,0.877896295,0.806421247,0.19,0.79
11,6,0.34,0.7,0,1,0.16,0.2,2,0,1,0.25,0.6,0.43,0.09,0.32,3,1,0.34,0.7,-0.412463129,0.524400513,0.34,0.3
6,3,0.32,0.41,0,0,0.18,0.09,2,0,0,0.27,0.34,0.42,0.05,0.03,3,1,0.32,0.41,-0.467698799,-0.227544977,0.32,0.41
9,5,0.16,0.54,1,1,0.34,0.04,2,0,1,0.17,0.53,0.35,-0.01,0.16,2,1,0.16,0.54,-0.994457883,0.100433721,0.84,0.46
2,1,0.55,0.62,1,0,0.05,0.12,2,1,1,0.69,0.72,0.67,-0.14,0.24,1,1,0.55,0.62,0.125661347,0.305480788,0.45,0.62
5,3,0.63,0.74,1,1,0.13,0.24,2,1,1,0.87,0.8,0.89,-0.24,0.36,3,1,0.63,0.74,0.331853346,0.643345405,0.37,0.26
8,4,0.23,0.64,1,1,0.27,0.14,2,0,1,0.32,0.65,0.48,-0.09,0.26,1,1,0.23,0.64,-0.738846849,0.358458793,0.77,0.36
10,5,0.19,0.32,0,0,0.31,0.18,2,0,0,0.16,0.34,0.26,0.03,-0.06,2,1,0.19,0.32,-0.877896295,-0.467698799,0.19,0.32
3,2,0.65,0.58,1,0,0.15,0.08,2,1,1,0.8,0.77,0.65,-0.15,0.2,2,1,0.65,0.58,0.385320466,0.201893479,0.35,0.58
1,1,0.74,0.65,0,1,0.24,0.15,2,1,1,0.77,0.91,0.64,-0.03,0.27,1,1,0.74,0.65,0.643345405,0.385320466,0.74,0.35
3,2,0.8,0.8,1,1,0.3,0.3,4,1,1,0.5,0.33,0.65,0.3,0.42,2,2,0.8,0.8,0.841621234,0.841621234,0.2,0.2
10,5,0.43,0.8,0,1,0.07,0.3,4,1,1,0.71,0.71,0.82,-0.28,0.42,2,2,0.43,0.8,-0.176374165,0.841621234,0.43,0.2
4,2,0.33,0.26,0,0,0.17,0.24,4,1,0,0.58,0.44,0.5,-0.25,-0.12,2,2,0.33,0.26,-0.439913166,-0.643345405,0.33,0.26
2,1,0.79,0.92,1,1,0.29,0.42,4,1,1,0.62,0.86,0.68,0.17,0.54,1,2,0.79,0.92,0.806421247,1.40507156,0.21,0.08
1,1,0.36,0.35,0,0,0.14,0.15,4,1,1,0.75,0.75,0.55,-0.39,-0.03,1,2,0.36,0.35,-0.358458793,-0.385320466,0.36,0.35
6,3,0.27,0.21,0,0,0.23,0.29,4,1,0,0.73,0.52,0.45,-0.46,-0.17,3,2,0.27,0.21,-0.612812991,-0.806421247,0.27,0.21
8,4,0.67,0.31,1,0,0.17,0.19,4,1,1,0.61,0.63,0.54,0.06,-0.07,1,2,0.67,0.31,0.439913166,-0.495850347,0.33,0.31
7,4,0.28,0.29,0,1,0.22,0.21,4,1,1,0.61,0.6,0.51,-0.33,-0.09,1,2,0.28,0.29,-0.582841507,-0.55338472,0.28,0.71
5,3,0.54,0.58,1,1,0.04,0.08,4,1,1,0.47,0.48,0.47,0.07,0.2,3,2,0.54,0.58,0.100433721,0.201893479,0.46,0.42
11,6,0.36,0.86,0,1,0.14,0.36,4,1,1,0.54,0.54,0.54,-0.18,0.48,3,2,0.36,0.86,-0.358458793,1.080319341,0.36,0.14
9,5,0.81,0.78,1,0,0.31,0.28,4,1,1,0.49,0.48,0.49,0.32,0.4,2,2,0.81,0.78,0.877896295,0.772193214,0.19,0.78
12,6,0.78,0.79,1,0,0.28,0.29,4,1,1,0.65,0.65,0.64,0.13,0.41,3,2,0.78,0.79,0.772193214,0.806421247,0.22,0.79
2,1,0.02,0.99,0,0,0.48,0.49,5,1,0,0.77,0.53,0.83,-0.75,0.61,1,3,0.02,0.99,-2.053748911,2.326347874,0.02,0.99
10,5,0.98,1,1,0,0.48,0.5,5,1,1,0.83,0.75,0.87,0.15,0.62,2,3,0.98,0.999,2.053748911,3.090232306,0.02,1
6,3,0.99,1,0,1,0.49,0.5,5,0,0,0.19,0.13,0.24,0.8,0.62,3,3,0.99,0.999,2.326347874,3.090232306,0.99,0
7,4,1,1,0,0,0.5,0.5,5,1,0,0.86,0.39,0.77,0.14,0.62,1,3,0.999,0.999,3.090232306,3.090232306,1,1
11,6,0.85,0.96,0,1,0.35,0.46,5,0,1,0.17,0.59,0.68,0.68,0.58,3,3,0.85,0.96,1.036433389,1.750686071,0.85,0.04
9,5,0.89,0.87,0,1,0.39,0.37,5,1,1,0.82,0.87,0.94,0.07,0.49,2,3,0.89,0.87,1.22652812,1.126391129,0.89,0.13
8,4,0.86,0.92,1,1,0.36,0.42,5,0,1,0.34,0.79,0.69,0.52,0.54,1,3,0.86,0.92,1.080319341,1.40507156,0.14,0.08
3,2,0.87,0.89,0,0,0.37,0.39,5,1,1,0.82,0.74,0.88,0.05,0.51,2,3,0.87,0.89,1.126391129,1.22652812,0.87,0.89
5,3,0.82,0.76,1,0,0.32,0.26,5,0,1,0.24,0.79,0.71,0.58,0.38,3,3,0.82,0.76,0.915365088,0.706302563,0.18,0.76
4,2,0.91,0.95,1,1,0.41,0.45,5,1,1,0.89,0.93,1,0.02,0.57,2,3,0.91,0.95,1.340755034,1.644853627,0.09,0.05
12,6,0.9,0.91,1,0,0.4,0.41,5,1,1,0.87,0.9,0.93,0.03,0.53,3,3,0.9,0.91,1.281551566,1.340755034,0.1,0.91
1,1,0.86,0.92,1,1,0.36,0.42,5,0,1,0.27,0.89,0.71,0.59,0.54,1,3,0.86,0.92,1.080319341,1.40507156,0.14,0.08
6,3,0.99,0.02,1,0,0.49,0.48,7,1,0,0.93,0.74,0.92,0.06,-0.36,3,4,0.99,0.02,2.326347874,-2.053748911,0.01,0.02
11,6,0.97,0.03,1,0,0.47,0.47,7,1,0,0.95,0.03,0.93,0.02,-0.35,3,4,0.97,0.03,1.880793608,-1.880793608,0.03,0.03
12,6,0.94,0.96,0,1,0.44,0.46,7,1,0,0.98,0.15,0.98,-0.04,0.58,3,4,0.94,0.96,1.554773595,1.750686071,0.94,0.04
1,1,0.05,0.96,0,1,0.45,0.46,7,1,0,0.94,0.25,0.99,-0.89,0.58,1,4,0.05,0.96,-1.644853627,1.750686071,0.05,0.04
4,2,0.03,0.03,0,0,0.47,0.47,7,1,0,0.98,0.26,0.94,-0.95,-0.35,2,4,0.03,0.03,-1.880793608,-1.880793608,0.03,0.03
7,4,0.97,0.98,1,1,0.47,0.48,7,1,0,0.96,0.18,0.95,0.01,0.6,1,4,0.97,0.98,1.880793608,2.053748911,0.03,0.02
5,3,0.03,0.93,0,1,0.47,0.43,7,1,0,0.96,0.28,0.97,-0.93,0.55,3,4,0.03,0.93,-1.880793608,1.475791028,0.03,0.07
8,4,0.03,0.03,0,0,0.47,0.47,7,1,0,0.96,0.01,0.94,-0.93,-0.35,1,4,0.03,0.03,-1.880793608,-1.880793608,0.03,0.03
3,2,0.95,0.97,1,1,0.45,0.47,7,1,0,0.98,0.05,0.93,-0.03,0.59,2,4,0.95,0.97,1.644853627,1.880793608,0.05,0.03
9,5,0.07,0.02,0,0,0.43,0.48,7,1,0,0.92,0.14,0.94,-0.85,-0.36,2,4,0.07,0.02,-1.475791028,-2.053748911,0.07,0.02
2,1,0.95,0.02,1,0,0.45,0.48,7,1,0,0.93,0.07,0.92,0.02,-0.36,1,4,0.95,0.02,1.644853627,-2.053748911,0.05,0.02
10,5,0.9,0.93,1,1,0.4,0.43,7,1,0,0.97,0.57,0.97,-0.07,0.55,2,4,0.9,0.93,1.281551566,1.475791028,0.1,0.07
9,5,0.09,0.11,0,0,0.41,0.39,9,1,1,0.67,0.27,0.52,-0.58,-0.27,2,5,0.09,0.11,-1.340755034,-1.22652812,0.09,0.11
11,6,0.16,0.16,0,0,0.34,0.34,9,1,0,0.55,0.12,0.53,-0.39,-0.22,3,5,0.16,0.16,-0.994457883,-0.994457883,0.16,0.16
1,1,0.8,0.14,1,0,0.3,0.36,9,1,1,0.57,0.53,0.39,0.23,-0.24,1,5,0.8,0.14,0.841621234,-1.080319341,0.2,0.14
12,6,0.62,0.67,1,1,0.12,0.17,9,1,1,0.49,0.5,0.34,0.13,0.29,3,5,0.62,0.67,0.305480788,0.439913166,0.38,0.33
5,3,0.1,0.81,0,1,0.4,0.31,9,1,0,0.56,0.28,0.34,-0.46,0.43,3,5,0.1,0.81,-1.281551566,0.877896295,0.1,0.19
3,2,0.1,0.12,0,0,0.4,0.38,9,1,1,0.54,0.49,0.24,-0.44,-0.26,2,5,0.1,0.12,-1.281551566,-1.174986792,0.1,0.12
2,1,0.09,0.78,0,1,0.41,0.28,9,1,1,0.5,0.51,0.42,-0.41,0.4,1,5,0.09,0.78,-1.340755034,0.772193214,0.09,0.22
7,4,0.82,0.08,1,0,0.32,0.42,9,1,1,0.57,0.48,0.39,0.25,-0.3,1,5,0.82,0.08,0.915365088,-1.40507156,0.18,0.08
6,3,0.85,0.12,1,0,0.35,0.38,9,1,1,0.58,0.61,0.47,0.27,-0.26,3,5,0.85,0.12,1.036433389,-1.174986792,0.15,0.12
4,2,0.82,0.84,1,1,0.32,0.34,9,1,1,0.61,0.56,0.54,0.21,0.46,2,5,0.82,0.84,0.915365088,0.994457883,0.18,0.16
10,5,0.8,0.79,1,1,0.3,0.29,9,1,1,0.58,0.6,0.4,0.22,0.41,2,5,0.8,0.79,0.841621234,0.806421247,0.2,0.21
8,4,0.11,0.85,0,1,0.39,0.35,9,1,1,0.64,0.63,0.49,-0.53,0.47,1,5,0.11,0.85,-1.22652812,1.036433389,0.11,0.15
3,2,0.5,0.5,0,0,0,0,10,1,0,0.5,0.5,0.5,0,0.12,2,6,0.5,0.5,0,0,0.5,0.5
6,3,0.5,0.5,0,0,0,0,10,1,1,0.5,0.5,0.5,0,0.12,3,6,0.5,0.5,0,0,0.5,0.5
9,5,0.5,0.5,1,0,0,0,10,1,1,0.5,0.5,0.5,0,0.12,2,6,0.5,0.5,0,0,0.5,0.5
1,1,0.5,0.5,1,1,0,0,10,1,1,0.5,0.5,0.5,0,0.12,1,6,0.5,0.5,0,0,0.5,0.5
8,4,0.5,0.5,0,1,0,0,10,1,1,0.5,0.5,0.5,0,0.12,1,6,0.5,0.5,0,0,0.5,0.5
4,2,0.5,0.5,1,1,0,0,10,1,1,0.5,0.5,0.5,0,0.12,2,6,0.5,0.5,0,0,0.5,0.5
10,5,0.5,0.5,0,1,0,0,10,1,1,0.5,0.5,0.5,0,0.12,2,6,0.5,0.5,0,0,0.5,0.5
7,4,0.5,0.5,1,0,0,0,10,1,1,0.5,0.5,0.5,0,0.12,1,6,0.5,0.5,0,0,0.5,0.5
2,1,0.5,0.5,0,0,0,0,10,1,1,0.5,0.5,0.5,0,0.12,1,6,0.5,0.5,0,0,0.5,0.5
5,3,0.5,0.5,1,1,0,0,10,1,1,0.5,0.5,0.5,0,0.12,3,6,0.5,0.5,0,0,0.5,0.5
12,6,0.5,0.5,1,0,0,0,10,0,0,0.5,0.5,0.5,0,0.12,3,6,0.5,0.5,0,0,0.5,0.5
11,6,0.5,0.5,0,1,0,0,10,1,1,0.5,0.5,0.5,0,0.12,3,6,0.5,0.5,0,0,0.5,0.5
9,5,0.03,0.9,0,1,0.47,0.4,12,1,0,0.9,0.88,0.86,-0.87,0.52,2,7,0.03,0.9,-1.880793608,1.281551566,0.03,0.1
6,3,0.01,0.04,0,0,0.49,0.46,12,1,0,0.9,0.51,0.73,-0.89,-0.34,3,7,0.01,0.04,-2.326347874,-1.750686071,0.01,0.04
12,6,0.9,0.9,1,1,0.4,0.4,12,1,0,0.92,0.34,0.62,-0.02,0.52,3,7,0.9,0.9,1.281551566,1.281551566,0.1,0.1
10,5,0.9,0.03,1,0,0.4,0.47,12,0,1,0.08,0.88,0.54,0.82,-0.35,2,7,0.9,0.03,1.281551566,-1.880793608,0.1,0.03
7,4,0.9,0.05,1,0,0.4,0.45,12,1,0,0.92,0.12,0.54,-0.02,-0.33,1,7,0.9,0.05,1.281551566,-1.644853627,0.1,0.05
3,2,0.06,0.04,0,0,0.44,0.46,12,0,1,0.04,0.94,0.43,0.02,-0.34,2,7,0.06,0.04,-1.554773595,-1.750686071,0.06,0.04
1,1,0.86,0.03,1,0,0.36,0.47,12,0,0,0.13,0.12,0.17,0.73,-0.35,1,7,0.86,0.03,1.080319341,-1.880793608,0.14,0.03
5,3,0.88,0.91,1,1,0.38,0.41,12,0,1,0.04,0.93,0.62,0.84,0.53,3,7,0.88,0.91,1.174986792,1.340755034,0.12,0.09
4,2,0.87,0.92,1,1,0.37,0.42,12,1,0,0.93,0.09,0.53,-0.06,0.54,2,7,0.87,0.92,1.126391129,1.40507156,0.13,0.08
11,6,0.02,0.03,0,0,0.48,0.47,12,0,1,0.04,0.94,0.48,-0.02,-0.35,3,7,0.02,0.03,-2.053748911,-1.880793608,0.02,0.03
8,4,0.04,0.9,0,1,0.46,0.4,12,1,1,0.93,0.93,0.86,-0.89,0.52,1,7,0.04,0.9,-1.750686071,1.281551566,0.04,0.1
2,1,0.03,0.92,0,1,0.47,0.42,12,0,1,0.05,0.94,0.66,-0.02,0.54,1,7,0.03,0.92,-1.880793608,1.40507156,0.03,0.08
2,1,0.61,1,0,1,0.11,0.5,17,0,1,0.4,0.96,0.93,0.21,0.62,1,8,0.61,0.999,0.279319034,3.090232306,0.61,0
6,3,0.27,0.21,0,0,0.23,0.29,17,1,0,1,0.32,0.49,-0.73,-0.17,3,8,0.27,0.21,-0.612812991,-0.806421247,0.27,0.21
9,5,0.65,0.93,1,1,0.15,0.43,17,0,1,0.62,0.97,0.98,0.03,0.55,2,8,0.65,0.93,0.385320466,1.475791028,0.35,0.07
3,2,0.06,0.85,0,1,0.44,0.35,17,0,1,0.79,0.95,0.92,-0.73,0.47,2,8,0.06,0.85,-1.554773595,1.036433389,0.06,0.15
10,5,0.44,0.18,0,0,0.06,0.32,17,1,0,0.58,0.5,0.64,-0.14,-0.2,2,8,0.44,0.18,-0.150969215,-0.915365088,0.44,0.18
4,2,0.86,0.91,1,0,0.36,0.41,17,1,1,0.74,0.76,0.9,0.12,0.53,2,8,0.86,0.91,1.080319341,1.340755034,0.14,0.91
5,3,0.87,0.71,1,1,0.37,0.21,17,1,0,0.25,0.5,0.62,0.62,0.33,3,8,0.87,0.71,1.126391129,0.55338472,0.13,0.29
11,6,0.68,0.94,0,1,0.18,0.44,17,1,1,0.75,0.75,0.86,-0.07,0.56,3,8,0.68,0.94,0.467698799,1.554773595,0.68,0.06
12,6,0.35,0.08,1,0,0.15,0.42,17,0,0,0.45,0.45,0.36,-0.1,-0.3,3,8,0.35,0.08,-0.385320466,-1.40507156,0.65,0.08
1,1,0.9,0.65,1,0,0.4,0.15,17,1,1,0.84,0.86,0.94,0.06,0.27,1,8,0.9,0.65,1.281551566,0.385320466,0.1,0.65
8,4,0.96,0.95,1,1,0.46,0.45,17,1,1,0.9,0.92,0.92,0.06,0.57,1,8,0.96,0.95,1.750686071,1.644853627,0.04,0.05
7,4,0.22,0.04,0,0,0.28,0.46,17,1,0,0.77,0.28,0.61,-0.55,-0.34,1,8,0.22,0.04,-0.772193214,-1.750686071,0.22,0.04
5,3,0.64,0.56,0,0,0.14,0.06,20,1,1,0.65,0.74,0.8,-0.01,0.18,3,9,0.64,0.56,0.358458793,0.150969215,0.64,0.56
11,6,0.56,0.49,0,0,0.06,0.01,20,1,0,0.69,0.56,0.57,-0.13,0.11,3,9,0.56,0.49,0.150969215,-0.025068908,0.56,0.49
12,6,0.65,0.55,1,1,0.15,0.05,20,1,0,0.69,0.59,0.64,-0.04,0.17,3,9,0.65,0.55,0.385320466,0.125661347,0.35,0.45
2,1,0.71,0.72,0,0,0.21,0.22,20,1,1,0.8,0.7,0.69,-0.09,0.34,1,9,0.71,0.72,0.55338472,0.582841507,0.71,0.72
7,4,0.79,0.82,1,0,0.29,0.32,20,1,1,0.81,0.83,0.85,-0.02,0.44,1,9,0.79,0.82,0.806421247,0.915365088,0.21,0.82
9,5,0.78,0.84,0,1,0.28,0.34,20,1,1,0.87,0.92,0.9,-0.09,0.46,2,9,0.78,0.84,0.772193214,0.994457883,0.78,0.16
1,1,0.75,0.6,1,1,0.25,0.1,20,1,1,0.79,0.72,0.76,-0.04,0.22,1,9,0.75,0.6,0.67448975,0.253347103,0.25,0.4
4,2,0.73,0.6,0,1,0.23,0.1,20,1,1,0.71,0.64,0.64,0.02,0.22,2,9,0.73,0.6,0.612812991,0.253347103,0.73,0.4
10,5,0.77,0.65,1,0,0.27,0.15,20,1,1,0.8,0.68,0.7,-0.03,0.27,2,9,0.77,0.65,0.738846849,0.385320466,0.23,0.65
8,4,0.73,0.63,0,1,0.23,0.13,20,1,1,0.71,0.75,0.7,0.02,0.25,1,9,0.73,0.63,0.612812991,0.331853346,0.73,0.37
6,3,0.76,0.7,1,1,0.26,0.2,20,1,0,0.8,0.66,0.71,-0.04,0.32,3,9,0.76,0.7,0.706302563,0.524400513,0.24,0.3
3,2,0.71,0.53,1,0,0.21,0.03,20,1,0,0.73,0.59,0.66,-0.02,0.15,2,9,0.71,0.53,0.55338472,0.075269862,0.29,0.53
6,3,0.49,0.83,1,1,0.01,0.33,21,1,1,0.84,0.81,0.85,-0.35,0.45,3,10,0.49,0.83,-0.025068908,0.954165253,0.51,0.17
5,3,0.17,0.63,0,0,0.33,0.13,21,0,0,0.25,0.26,0.3,-0.08,0.25,3,10,0.17,0.63,-0.954165253,0.331853346,0.17,0.63
2,1,0.89,0.5,1,0,0.39,0,21,1,1,0.36,0.85,0.82,0.53,0.12,1,10,0.89,0.5,1.22652812,0,0.11,0.5
12,6,0.72,0.82,1,1,0.22,0.32,21,1,1,0.68,0.72,0.68,0.04,0.44,3,10,0.72,0.82,0.582841507,0.915365088,0.28,0.18
8,4,0.42,0.53,1,0,0.08,0.03,21,1,0,0.7,0.21,0.61,-0.28,0.15,1,10,0.42,0.53,-0.201893479,0.075269862,0.58,0.53
7,4,0.67,0.72,0,1,0.17,0.22,21,1,0,0.75,0.44,0.7,-0.08,0.34,1,10,0.67,0.72,0.439913166,0.582841507,0.67,0.28
10,5,0.84,0.9,1,1,0.34,0.4,21,0,1,0.37,0.88,0.78,0.47,0.52,2,10,0.84,0.9,0.994457883,1.281551566,0.16,0.1
11,6,0.47,0.17,0,0,0.03,0.33,21,0,0,0.24,0.22,0.23,0.23,-0.21,3,10,0.47,0.17,-0.075269862,-0.954165253,0.47,0.17
1,1,0.06,0.89,0,1,0.44,0.39,21,0,0,0.07,0.08,0.16,-0.01,0.51,1,10,0.06,0.89,-1.554773595,1.22652812,0.06,0.11
4,2,0.86,0.18,1,0,0.36,0.32,21,1,1,0.99,0.87,0.89,-0.13,-0.2,2,10,0.86,0.18,1.080319341,-0.915365088,0.14,0.18
3,2,0.06,0.88,0,1,0.44,0.38,21,1,1,0.93,0.94,0.93,-0.87,0.5,2,10,0.06,0.88,-1.554773595,1.174986792,0.06,0.12
9,5,0.09,0.2,0,0,0.41,0.3,21,1,0,0.66,0.39,0.8,-0.57,-0.18,2,10,0.09,0.2,-1.340755034,-0.841621234,0.09,0.2
2,1,0.9,0.75,0,1,0.4,0.25,22,0,0,0.5,0.5,0.75,0.4,0.37,1,11,0.9,0.75,1.281551566,0.67448975,0.9,0.25
5,3,0.95,0.85,0,1,0.45,0.35,22,1,1,0.6,0.6,0.75,0.35,0.47,3,11,0.95,0.85,1.644853627,1.036433389,0.95,0.15
6,3,0.85,0.9,1,0,0.35,0.4,22,1,1,0.9,0.9,0.9,-0.05,0.52,3,11,0.85,0.9,1.036433389,1.281551566,0.15,0.9
1,1,0.8,0.85,1,0,0.3,0.35,22,1,1,0.8,0.8,0.85,0,0.47,1,11,0.8,0.85,0.841621234,1.036433389,0.2,0.85
9,5,0.75,0.75,0,1,0.25,0.25,22,1,1,0.85,0.8,0.8,-0.1,0.37,2,11,0.75,0.75,0.67448975,0.67448975,0.75,0.25
8,4,0.8,0.8,1,1,0.3,0.3,22,1,1,0.8,0.8,0.85,0,0.42,1,11,0.8,0.8,0.841621234,0.841621234,0.2,0.2
4,2,0.8,0.8,1,1,0.3,0.3,22,1,1,0.85,0.8,0.85,-0.05,0.42,2,11,0.8,0.8,0.841621234,0.841621234,0.2,0.2
3,2,0.7,0.7,0,0,0.2,0.2,22,1,1,0.75,0.7,0.8,-0.05,0.32,2,11,0.7,0.7,0.524400513,0.524400513,0.7,0.7
10,5,0.75,0.7,1,0,0.25,0.2,22,1,1,0.75,0.7,0.75,0,0.32,2,11,0.75,0.7,0.67448975,0.524400513,0.25,0.7
11,6,0.65,0.65,0,0,0.15,0.15,22,1,1,0.7,0.65,0.75,-0.05,0.27,3,11,0.65,0.65,0.385320466,0.385320466,0.65,0.65
7,4,0.8,0.75,0,0,0.3,0.25,22,1,1,0.85,0.8,0.9,-0.05,0.37,1,11,0.8,0.75,0.841621234,0.67448975,0.8,0.75
12,6,0.75,0.75,1,1,0.25,0.25,22,1,1,0.7,0.7,0.75,0.05,0.37,3,11,0.75,0.75,0.67448975,0.67448975,0.25,0.25
1,1,0.95,0.75,0,0,0.45,0.25,24,1,0,0.5,0.5,0.5,0.45,0.37,1,12,0.95,0.75,1.644853627,0.67448975,0.95,0.75
6,3,0.5,0.75,0,1,0,0.25,24,0,1,0.5,0.5,0.5,0,0.37,3,12,0.5,0.75,0,0.67448975,0.5,0.25
11,6,0.8,0.8,1,0,0.3,0.3,24,1,1,0.8,0.8,0.8,0,0.42,3,12,0.8,0.8,0.841621234,0.841621234,0.2,0.8
4,2,0.2,0.8,0,0,0.3,0.3,24,0,1,0.2,0.8,0.75,0,0.42,2,12,0.2,0.8,-0.841621234,0.841621234,0.2,0.8
8,4,0.9,0.9,1,0,0.4,0.4,24,1,1,0.5,0.5,0.9,0.4,0.52,1,12,0.9,0.9,1.281551566,1.281551566,0.1,0.9
10,5,0.9,0.9,1,1,0.4,0.4,24,0,0,0.5,0.5,0.5,0.4,0.52,2,12,0.9,0.9,1.281551566,1.281551566,0.1,0.1
12,6,0.9,0.9,0,1,0.4,0.4,24,1,1,0.9,0.9,0.9,0,0.52,3,12,0.9,0.9,1.281551566,1.281551566,0.9,0.1
2,1,0.9,0.9,1,1,0.4,0.4,24,1,1,0.9,0.9,0.9,0,0.52,1,12,0.9,0.9,1.281551566,1.281551566,0.1,0.1
9,5,0.9,0.9,0,0,0.4,0.4,24,1,0,0.9,0.1,0.8,0,0.52,2,12,0.9,0.9,1.281551566,1.281551566,0.9,0.9
5,3,0.9,0.9,1,0,0.4,0.4,24,0,1,0.4,0.8,0.9,0.5,0.52,3,12,0.9,0.9,1.281551566,1.281551566,0.1,0.9
7,4,0.9,0.9,0,1,0.4,0.4,24,1,1,0.9,0.9,0.9,0,0.52,1,12,0.9,0.9,1.281551566,1.281551566,0.9,0.1
3,2,0.9,0.9,1,1,0.4,0.4,24,1,0,0.95,0.05,0.92,-0.05,0.52,2,12,0.9,0.9,1.281551566,1.281551566,0.1,0.1
2,1,0.73,0.39,1,0,0.23,0.11,25,1,0,0.59,0.38,0.73,0.14,0.01,1,13,0.73,0.39,0.612812991,-0.279319034,0.27,0.39
7,4,0.69,0.32,1,1,0.19,0.18,25,0,1,0.35,0.6,0.48,0.34,-0.06,1,13,0.69,0.32,0.495850347,-0.467698799,0.31,0.68
4,2,0.62,0.4,1,1,0.12,0.1,25,1,0,0.6,0.37,0.59,0.02,0.02,2,13,0.62,0.4,0.305480788,-0.253347103,0.38,0.6
12,6,0.43,0.65,0,1,0.07,0.15,25,1,0,0.57,0.38,0.51,-0.14,0.27,3,13,0.43,0.65,-0.176374165,0.385320466,0.43,0.35
8,4,0.66,0.44,0,0,0.16,0.06,25,0,1,0.35,0.63,0.65,0.31,0.06,1,13,0.66,0.44,0.412463129,-0.150969215,0.66,0.44
9,5,0.63,0.33,1,0,0.13,0.17,25,0,0,0.5,0.52,0.58,0.13,-0.05,2,13,0.63,0.33,0.331853346,-0.439913166,0.37,0.33
1,1,0.39,0.62,0,1,0.11,0.12,25,0,1,0.59,0.36,0.5,-0.2,0.24,1,13,0.39,0.62,-0.279319034,0.305480788,0.39,0.38
5,3,0.58,0.67,1,1,0.08,0.17,25,0,1,0.39,0.58,0.5,0.19,0.29,3,13,0.58,0.67,0.201893479,0.439913166,0.42,0.33
11,6,0.62,0.4,1,0,0.12,0.1,25,0,1,0.41,0.66,0.5,0.21,0.02,3,13,0.62,0.4,0.305480788,-0.253347103,0.38,0.4
6,3,0.39,0.44,0,0,0.11,0.06,25,0,1,0.33,0.64,0.5,0.06,0.06,3,13,0.39,0.44,-0.279319034,-0.150969215,0.39,0.44
3,2,0.38,0.41,0,0,0.12,0.09,25,0,1,0.43,0.61,0.49,-0.05,0.03,2,13,0.38,0.41,-0.305480788,-0.227544977,0.38,0.41
10,5,0.35,0.62,0,1,0.15,0.12,25,0,1,0.35,0.61,0.51,0,0.24,2,13,0.35,0.62,-0.385320466,0.305480788,0.35,0.38
9,5,0.08,0.78,0,1,0.42,0.28,26,1,0,0.6,0.2,0.56,-0.52,0.4,2,14,0.08,0.78,-1.40507156,0.772193214,0.08,0.22
7,4,0.12,0.74,0,1,0.38,0.24,26,0,0,0.5,0.48,0.76,-0.38,0.36,1,14,0.12,0.74,-1.174986792,0.643345405,0.12,0.26
3,2,0.77,0.8,1,1,0.27,0.3,26,1,0,0.62,0.39,0.68,0.15,0.42,2,14,0.77,0.8,0.738846849,0.841621234,0.23,0.2
8,4,0.75,0.15,1,0,0.25,0.35,26,0,1,0.24,0.64,0.61,0.51,-0.23,1,14,0.75,0.15,0.67448975,-1.036433389,0.25,0.15
1,1,0.16,0.76,0,1,0.34,0.26,26,0,1,0.31,0.71,0.6,-0.15,0.38,1,14,0.16,0.76,-0.994457883,0.706302563,0.16,0.24
2,1,0.82,0.18,1,0,0.32,0.32,26,0,0,0.42,0.35,0.76,0.4,-0.2,1,14,0.82,0.18,0.915365088,-0.915365088,0.18,0.18
4,2,0.18,0.17,0,0,0.32,0.33,26,0,1,0.19,0.7,0.72,-0.01,-0.21,2,14,0.18,0.17,-0.915365088,-0.954165253,0.18,0.17
10,5,0.8,0.13,1,0,0.3,0.37,26,0,1,0.17,0.62,0.68,0.63,-0.25,2,14,0.8,0.13,0.841621234,-1.126391129,0.2,0.13
11,6,0.8,0.8,1,1,0.3,0.3,26,0,1,0.2,0.7,0.73,0.6,0.42,3,14,0.8,0.8,0.841621234,0.841621234,0.2,0.2
12,6,0.13,0.14,0,0,0.37,0.36,26,0,0,0.41,0.37,0.63,-0.28,-0.24,3,14,0.13,0.14,-1.126391129,-1.080319341,0.13,0.14
5,3,0.69,0.81,1,1,0.19,0.31,26,0,1,0.1,0.76,0.52,0.59,0.43,3,14,0.69,0.81,0.495850347,0.877896295,0.31,0.19
6,3,0.15,0.86,0,0,0.35,0.36,26,0,0,0.26,0.24,0.56,-0.11,0.48,3,14,0.15,0.86,-1.036433389,1.080319341,0.15,0.86
3,2,0.25,0.75,0,1,0.25,0.25,27,1,1,0.9,0.9,0.9,-0.65,0.37,2,15,0.25,0.75,-0.67448975,0.67448975,0.25,0.25
12,6,0.25,0.25,0,0,0.25,0.25,27,1,1,0.75,0.75,0.75,-0.5,-0.13,3,15,0.25,0.25,-0.67448975,-0.67448975,0.25,0.25
5,3,0.75,0.25,1,0,0.25,0.25,27,1,1,0.75,0.75,0.75,0,-0.13,3,15,0.75,0.25,0.67448975,-0.67448975,0.25,0.25
11,6,0.75,0.75,1,1,0.25,0.25,27,1,1,0.75,0.75,0.75,0,0.37,3,15,0.75,0.75,0.67448975,0.67448975,0.25,0.25
8,4,0.75,0.25,1,0,0.25,0.25,27,1,1,0.75,0.75,0.75,0,-0.13,1,15,0.75,0.25,0.67448975,-0.67448975,0.25,0.25
10,5,0.85,0.15,1,1,0.35,0.35,27,1,1,0.75,0.75,0.75,0.1,-0.23,2,15,0.85,0.15,1.036433389,-1.036433389,0.15,0.85
9,5,0.25,0.25,0,0,0.25,0.25,27,1,1,0.75,0.75,0.75,-0.5,-0.13,2,15,0.25,0.25,-0.67448975,-0.67448975,0.25,0.25
4,2,0.9,0.15,1,0,0.4,0.35,27,1,1,0.75,0.75,0.75,0.15,-0.23,2,15,0.9,0.15,1.281551566,-1.036433389,0.1,0.15
1,1,0.15,0.15,0,0,0.35,0.35,27,1,1,0.85,0.85,0.85,-0.7,-0.23,1,15,0.15,0.15,-1.036433389,-1.036433389,0.15,0.15
7,4,0.75,0.75,0,1,0.25,0.25,27,1,1,0.75,0.75,0.75,0,0.37,1,15,0.75,0.75,0.67448975,0.67448975,0.75,0.25
6,3,0.2,0.8,0,1,0.3,0.3,27,1,1,0.8,0.8,0.8,-0.6,0.42,3,15,0.2,0.8,-0.841621234,0.841621234,0.2,0.2
2,1,0.85,0.75,1,1,0.35,0.25,27,1,1,0.75,0.75,0.75,0.1,0.37,1,15,0.85,0.75,1.036433389,0.67448975,0.15,0.25
7,4,0.93,0.92,1,1,0.43,0.42,28,1,0,0.76,0.07,0.99,0.17,0.54,1,16,0.93,0.92,1.475791028,1.40507156,0.07,0.08
5,3,0.1,0.45,0,0,0.4,0.05,28,1,1,0.95,0.95,0.76,-0.85,0.07,3,16,0.1,0.45,-1.281551566,-0.125661347,0.1,0.45
9,5,0.78,0.33,1,0,0.28,0.17,28,1,1,0.76,0.75,0.75,0.02,-0.05,2,16,0.78,0.33,0.772193214,-0.439913166,0.22,0.33
2,1,0.76,0.8,1,1,0.26,0.3,28,1,1,0.72,0.76,0.74,0.04,0.42,1,16,0.76,0.8,0.706302563,0.841621234,0.24,0.2
6,3,0.71,0.73,1,1,0.21,0.23,28,1,1,0.66,0.72,0.58,0.05,0.35,3,16,0.71,0.73,0.55338472,0.612812991,0.29,0.27
11,6,0.75,0.31,1,0,0.25,0.19,28,1,1,0.66,0.68,0.63,0.09,-0.07,3,16,0.75,0.31,0.67448975,-0.495850347,0.25,0.31
12,6,0.41,0.69,0,1,0.09,0.19,28,1,1,0.66,0.7,0.65,-0.25,0.31,3,16,0.41,0.69,-0.227544977,0.495850347,0.41,0.31
1,1,0.2,0.28,0,0,0.3,0.22,28,1,1,0.65,0.68,0.68,-0.45,-0.1,1,16,0.2,0.28,-0.841621234,-0.582841507,0.2,0.28
10,5,0.25,0.29,0,1,0.25,0.21,28,1,1,0.58,0.6,0.58,-0.33,-0.09,2,16,0.25,0.29,-0.67448975,-0.55338472,0.25,0.71
8,4,0.26,0.22,0,0,0.24,0.28,28,1,1,0.64,0.62,0.62,-0.38,-0.16,1,16,0.26,0.22,-0.643345405,-0.772193214,0.26,0.22
4,2,0.62,0.3,1,0,0.12,0.2,28,1,1,0.55,0.55,0.55,0.07,-0.08,2,16,0.62,0.3,0.305480788,-0.524400513,0.38,0.3
3,2,0.23,0.58,0,1,0.27,0.08,28,1,1,0.57,0.58,0.58,-0.34,0.2,2,16,0.23,0.58,-0.738846849,0.201893479,0.23,0.42
1,1,0.7,0.59,1,0,0.2,0.09,29,1,1,0.71,0.73,0.56,-0.01,0.21,1,17,0.7,0.59,0.524400513,0.227544977,0.3,0.59
9,5,0.79,0.76,0,1,0.29,0.26,29,1,1,0.83,0.84,0.82,-0.04,0.38,2,17,0.79,0.76,0.806421247,0.706302563,0.79,0.24
12,6,0.66,0.4,0,0,0.16,0.1,29,1,0,0.81,0.55,0.58,-0.15,0.02,3,17,0.66,0.4,0.412463129,-0.253347103,0.66,0.4
3,2,0.56,0.64,0,0,0.06,0.14,29,0,0,0.8,0.65,0.61,-0.24,0.26,2,17,0.56,0.64,0.150969215,0.358458793,0.56,0.64
4,2,0.62,0.58,1,1,0.12,0.08,29,1,1,0.8,0.54,0.65,-0.18,0.2,2,17,0.62,0.58,0.305480788,0.201893479,0.38,0.42
2,1,0.39,0.48,0,1,0.11,0.02,29,0,0,0.43,0.39,0.41,-0.04,0.1,1,17,0.39,0.48,-0.279319034,-0.050153583,0.39,0.52
8,4,0.64,0.33,1,0,0.14,0.17,29,0,0,0.31,0.24,0.48,0.33,-0.05,1,17,0.64,0.33,0.358458793,-0.439913166,0.36,0.33
7,4,0.57,0.28,0,1,0.07,0.22,29,0,1,0.18,0.62,0.67,0.39,-0.1,1,17,0.57,0.28,0.176374165,-0.582841507,0.57,0.72
10,5,0.72,0.72,1,0,0.22,0.22,29,0,1,0.71,0.64,0.54,0.01,0.34,2,17,0.72,0.72,0.582841507,0.582841507,0.28,0.72
11,6,0.68,0.69,1,1,0.18,0.19,29,1,1,0.78,0.85,0.94,-0.1,0.31,3,17,0.68,0.69,0.467698799,0.495850347,0.32,0.31
6,3,0.59,0.65,0,0,0.09,0.15,29,0,0,0.61,0.51,0.58,-0.02,0.27,3,17,0.59,0.65,0.227544977,0.385320466,0.59,0.65
5,3,0.73,0.77,1,1,0.23,0.27,29,1,1,0.76,0.79,0.74,-0.03,0.39,3,17,0.73,0.77,0.612812991,0.738846849,0.27,0.23
1,1,0.1,0.1,0,0,0.4,0.4,30,1,0,0.6,0.4,1,-0.5,-0.28,1,18,0.1,0.1,-1.281551566,-1.281551566,0.1,0.1
6,3,0.2,0.2,0,0,0.3,0.3,30,0,1,0.5,0.5,1,-0.3,-0.18,3,18,0.2,0.2,-0.841621234,-0.841621234,0.2,0.2
10,5,0.05,0.8,0,1,0.45,0.3,30,0,1,0.3,0.7,1,-0.25,0.42,2,18,0.05,0.8,-1.644853627,0.841621234,0.05,0.2
7,4,0.2,0.8,0,1,0.3,0.3,30,1,0,0.8,0.2,1,-0.6,0.42,1,18,0.2,0.8,-0.841621234,0.841621234,0.2,0.2
8,4,1,0.1,1,0,0.5,0.4,30,1,1,0.5,0.5,1,0.5,-0.28,1,18,0.999,0.1,3.090232306,-1.281551566,0,0.1
9,5,0.7,0.1,1,0,0.2,0.4,30,1,0,0.7,0.3,1,0,-0.28,2,18,0.7,0.1,0.524400513,-1.281551566,0.3,0.1
3,2,0.7,0.2,1,0,0.2,0.3,30,0,1,0.2,0.8,1,0.5,-0.18,2,18,0.7,0.2,0.524400513,-0.841621234,0.3,0.2
5,3,0.9,1,1,1,0.4,0.5,30,0,1,0.1,0.9,1,0.8,0.62,3,18,0.9,0.999,1.281551566,3.090232306,0.1,0
2,1,0.8,1,1,1,0.3,0.5,30,1,0,0.8,0.2,1,0,0.62,1,18,0.8,0.999,0.841621234,3.090232306,0.2,0
11,6,1,1,1,1,0.5,0.5,30,1,1,1,1,1,0,0.62,3,18,0.999,0.999,3.090232306,3.090232306,0,0
12,6,0.1,0.2,0,0,0.4,0.3,30,0,1,0.1,1,1,0,-0.18,3,18,0.1,0.2,-1.281551566,-0.841621234,0.1,0.2
4,2,0.1,1,0,1,0.4,0.5,30,1,1,1,1,1,-0.9,0.62,2,18,0.1,0.999,-1.281551566,3.090232306,0.1,0
3,2,0.66,0.3,0,0,0.16,0.2,34,0,0,0.37,0.81,0.74,0.29,-0.08,2,19,0.66,0.3,0.412463129,-0.524400513,0.66,0.3
5,3,0.69,0.36,1,0,0.19,0.14,34,1,0,0.53,0.41,0.5,0.16,-0.02,3,19,0.69,0.36,0.495850347,-0.358458793,0.31,0.36
2,1,0.25,0.62,0,1,0.25,0.12,34,1,1,0.41,0.55,0.45,-0.16,0.24,1,19,0.25,0.62,-0.67448975,0.305480788,0.25,0.38
9,5,0.47,0.43,1,0,0.03,0.07,34,0,1,0.37,0.51,0.31,0.1,0.05,2,19,0.47,0.43,-0.075269862,-0.176374165,0.53,0.43
11,6,0.43,0.45,1,1,0.07,0.05,34,1,1,0.34,0.49,0.35,0.09,0.07,3,19,0.43,0.45,-0.176374165,-0.125661347,0.57,0.55
1,1,0.6,0.64,1,0,0.1,0.14,34,1,1,0.47,0.65,0.55,0.13,0.26,1,19,0.6,0.64,0.253347103,0.358458793,0.4,0.64
7,4,0.42,0.64,1,1,0.08,0.14,34,0,1,0.33,0.57,0.33,0.09,0.26,1,19,0.42,0.64,-0.201893479,0.358458793,0.58,0.36
4,2,0.41,0.56,1,1,0.09,0.06,34,0,1,0.33,0.5,0.58,0.08,0.18,2,19,0.41,0.56,-0.227544977,0.150969215,0.59,0.44
6,3,0.25,0.35,0,1,0.25,0.15,34,0,0,0.33,0.35,0.35,-0.08,-0.03,3,19,0.25,0.35,-0.67448975,-0.385320466,0.25,0.65
10,5,0.41,0.64,0,1,0.09,0.14,34,1,1,0.5,0.61,0.52,-0.09,0.26,2,19,0.41,0.64,-0.227544977,0.358458793,0.41,0.36
8,4,0.19,0.25,0,0,0.31,0.25,34,0,0,0.31,0.3,0.29,-0.12,-0.13,1,19,0.19,0.25,-0.877896295,-0.67448975,0.19,0.25
12,6,0.27,0.29,0,0,0.23,0.21,34,1,1,0.39,0.43,0.42,-0.12,-0.09,3,19,0.27,0.29,-0.612812991,-0.55338472,0.27,0.29
3,2,1,0.2,1,0,0.5,0.3,37,0,0,0.19,0.19,0.19,0.81,-0.18,2,20,0.999,0.2,3.090232306,-0.841621234,0,0.2
5,3,0.05,0.18,0,0,0.45,0.32,37,0,0,0.25,0.25,0.25,-0.2,-0.2,3,20,0.05,0.18,-1.644853627,-0.915365088,0.05,0.18
11,6,0.9,0.88,1,1,0.4,0.38,37,1,1,0.5,0.51,0.51,0.4,0.5,3,20,0.9,0.88,1.281551566,1.174986792,0.1,0.12
4,2,0.18,0.72,0,1,0.32,0.22,37,0,0,0.22,0.23,0.23,-0.04,0.34,2,20,0.18,0.72,-0.915365088,0.582841507,0.18,0.28
2,1,0.81,0.24,1,0,0.31,0.26,37,1,1,0.23,0.23,0.26,0.58,-0.14,1,20,0.81,0.24,0.877896295,-0.706302563,0.19,0.24
1,1,0.07,0.71,0,1,0.43,0.21,37,0,0,0.26,0.3,0.27,-0.19,0.33,1,20,0.07,0.71,-1.475791028,0.55338472,0.07,0.29
6,3,0.74,0.83,1,1,0.24,0.33,37,0,0,0.26,0.29,0.27,0.48,0.45,3,20,0.74,0.83,0.643345405,0.954165253,0.26,0.17
7,4,0.83,0.79,1,1,0.33,0.29,37,1,1,0.52,0.51,0.53,0.31,0.41,1,20,0.83,0.79,0.954165253,0.806421247,0.17,0.21
9,5,0.67,0.14,1,0,0.17,0.36,37,1,1,0.51,0.5,0.51,0.16,-0.24,2,20,0.67,0.14,0.439913166,-1.080319341,0.33,0.14
10,5,0.17,0.89,0,1,0.33,0.39,37,0,0,0.38,0.36,0.39,-0.21,0.51,2,20,0.17,0.89,-0.954165253,1.22652812,0.17,0.11
12,6,0.16,0.81,0,0,0.34,0.31,37,0,0,0.31,0.32,0.32,-0.15,0.43,3,20,0.16,0.81,-0.994457883,0.877896295,0.16,0.81
8,4,0.17,0.87,0,0,0.33,0.37,37,0,0,0.22,0.21,0.23,-0.05,0.49,1,20,0.17,0.87,-0.954165253,1.126391129,0.17,0.87
2,1,0.54,0.51,0,0,0.04,0.01,38,1,0,0.69,0.1,0.92,-0.15,0.13,1,21,0.54,0.51,0.100433721,0.025068908,0.54,0.51
3,2,0.27,0.1,1,1,0.23,0.4,38,0,0,0.04,0.07,0.09,0.23,-0.28,2,21,0.27,0.1,-0.612812991,-1.281551566,0.73,0.9
8,4,0.29,0.27,1,1,0.21,0.23,38,0,0,0.2,0.23,0.33,0.09,-0.11,1,21,0.29,0.27,-0.55338472,-0.612812991,0.71,0.73
1,1,0.67,0.72,1,1,0.17,0.22,38,1,1,0.58,0.64,0.75,0.09,0.34,1,21,0.67,0.72,0.439913166,0.582841507,0.33,0.28
11,6,0.18,0.2,0,1,0.32,0.3,38,0,0,0.14,0.05,0.19,0.04,-0.18,3,21,0.18,0.2,-0.915365088,-0.841621234,0.18,0.8
10,5,0.46,0.3,1,0,0.04,0.2,38,1,0,0.57,0.12,0.33,-0.11,-0.08,2,21,0.46,0.3,-0.100433721,-0.524400513,0.54,0.3
6,3,0.12,0.15,1,0,0.38,0.35,38,0,0,0.1,0.12,0.12,0.02,-0.23,3,21,0.12,0.15,-1.174986792,-1.036433389,0.88,0.15
4,2,0.41,0.24,0,0,0.09,0.26,38,1,0,0.46,0.25,0.54,-0.05,-0.14,2,21,0.41,0.24,-0.227544977,-0.706302563,0.41,0.24
12,6,0.48,0.51,1,0,0.02,0.01,38,1,0,0.54,0.41,0.61,-0.06,0.13,3,21,0.48,0.51,-0.050153583,0.025068908,0.52,0.51
9,5,0.08,0.09,0,1,0.42,0.41,38,0,0,0.06,0.07,0.07,0.02,-0.29,2,21,0.08,0.09,-1.40507156,-1.340755034,0.08,0.91
7,4,0.11,0.1,0,0,0.39,0.4,38,0,0,0.11,0.14,0.14,0,-0.28,1,21,0.11,0.1,-1.22652812,-1.281551566,0.11,0.1
5,3,0.52,0.54,0,1,0.02,0.04,38,1,0,0.71,0.43,0.61,-0.19,0.16,3,21,0.52,0.54,0.050153583,0.100433721,0.52,0.46
9,5,0.55,0.48,1,0,0.05,0.02,39,1,0,0.71,0.31,0.94,-0.16,0.1,2,22,0.55,0.48,0.125661347,-0.050153583,0.45,0.48
10,5,0.63,0.78,0,1,0.13,0.28,39,1,0,0.56,0.34,0.82,0.07,0.4,2,22,0.63,0.78,0.331853346,0.772193214,0.63,0.22
7,4,0.39,0.17,1,0,0.11,0.33,39,0,1,0.28,0.29,0.39,0.11,-0.21,1,22,0.39,0.17,-0.279319034,-0.954165253,0.61,0.17
1,1,0.6,0.6,0,0,0.1,0.1,39,1,0,0.76,0.46,0.93,-0.16,0.22,1,22,0.6,0.6,0.253347103,0.253347103,0.6,0.6
4,2,0.16,0.07,0,1,0.34,0.43,39,0,1,0.34,0.5,0.17,-0.18,-0.31,2,22,0.16,0.07,-0.994457883,-1.475791028,0.16,0.93
2,1,0.81,0.87,1,1,0.31,0.37,39,0,1,0.34,0.57,0.76,0.47,0.49,1,22,0.81,0.87,0.877896295,1.126391129,0.19,0.13
5,3,0.07,0.04,0,0,0.43,0.46,39,0,0,0.03,0.08,0.05,0.04,-0.34,3,22,0.07,0.04,-1.475791028,-1.750686071,0.07,0.04
8,4,0.44,0.45,0,1,0.06,0.05,39,1,0,0.22,0.31,0.2,0.22,0.07,1,22,0.44,0.45,-0.150969215,-0.125661347,0.44,0.55
11,6,0.79,0.74,0,0,0.29,0.24,39,1,1,0.66,0.85,0.9,0.13,0.36,3,22,0.79,0.74,0.806421247,0.643345405,0.79,0.74
6,3,0.17,0.49,1,1,0.33,0.01,39,0,1,0.17,0.59,0.46,0,0.11,3,22,0.17,0.49,-0.954165253,-0.025068908,0.83,0.51
12,6,0.83,0.9,1,1,0.33,0.4,39,1,1,0.88,0.88,0.88,-0.05,0.52,3,22,0.83,0.9,0.954165253,1.281551566,0.17,0.1
3,2,0.54,0.63,1,0,0.04,0.13,39,1,1,0.76,0.82,0.76,-0.22,0.25,2,22,0.54,0.63,0.100433721,0.331853346,0.46,0.63
8,4,0.71,0.48,1,0,0.21,0.02,41,1,1,0.73,0.76,0.84,-0.02,0.1,1,23,0.71,0.48,0.55338472,-0.050153583,0.29,0.48
1,1,0.55,0.52,1,1,0.05,0.02,41,1,0,0.6,0.48,0.56,-0.05,0.14,1,23,0.55,0.52,0.125661347,0.050153583,0.45,0.48
11,6,0.46,0.48,0,0,0.04,0.02,41,0,1,0.49,0.63,0.61,-0.03,0.1,3,23,0.46,0.48,-0.100433721,-0.050153583,0.46,0.48
12,6,0.77,0.78,1,1,0.27,0.28,41,1,0,0.73,0.64,0.7,0.04,0.4,3,23,0.77,0.78,0.738846849,0.772193214,0.23,0.22
3,2,0.79,0.76,1,0,0.29,0.26,41,1,1,0.81,0.84,0.82,-0.02,0.38,2,23,0.79,0.76,0.806421247,0.706302563,0.21,0.76
4,2,0.63,0.79,0,1,0.13,0.29,41,1,0,0.87,0.66,0.76,-0.24,0.41,2,23,0.63,0.79,0.331853346,0.806421247,0.63,0.21
5,3,0.83,0.88,1,1,0.33,0.38,41,0,1,0.64,0.83,0.72,0.19,0.5,3,23,0.83,0.88,0.954165253,1.174986792,0.17,0.12
6,3,0.37,0.43,0,0,0.13,0.07,41,0,0,0.47,0.44,0.48,-0.1,0.05,3,23,0.37,0.43,-0.331853346,-0.176374165,0.37,0.43
9,5,0.71,0.85,0,1,0.21,0.35,41,1,1,0.76,0.79,0.83,-0.05,0.47,2,23,0.71,0.85,0.55338472,1.036433389,0.71,0.15
10,5,0.66,0.48,1,0,0.16,0.02,41,0,1,0.63,0.82,0.77,0.03,0.1,2,23,0.66,0.48,0.412463129,-0.050153583,0.34,0.48
2,1,0.66,0.44,0,0,0.16,0.06,41,0,1,0.71,0.55,0.68,-0.05,0.06,1,23,0.66,0.44,0.412463129,-0.150969215,0.66,0.44
7,4,0.77,0.93,0,1,0.27,0.43,41,1,1,0.88,0.86,0.9,-0.11,0.55,1,23,0.77,0.93,0.738846849,1.475791028,0.77,0.07
9,5,0.82,0.18,0,1,0.32,0.32,42,1,0,0.56,0.47,0.72,0.26,-0.2,2,24,0.82,0.18,0.915365088,-0.915365088,0.82,0.82
4,2,0.82,0.84,1,1,0.32,0.34,42,0,1,0.3,0.69,0.54,0.52,0.46,2,24,0.82,0.84,0.915365088,0.994457883,0.18,0.16
7,4,0.8,0.8,1,1,0.3,0.3,42,1,1,0.76,0.76,0.89,0.04,0.42,1,24,0.8,0.8,0.841621234,0.841621234,0.2,0.2
8,4,0.2,0.22,0,0,0.3,0.28,42,0,1,0.32,0.73,0.42,-0.12,-0.16,1,24,0.2,0.22,-0.841621234,-0.772193214,0.2,0.22
3,2,0.21,0.16,0,0,0.29,0.34,42,1,0,0.6,0.51,0.48,-0.39,-0.22,2,24,0.21,0.16,-0.806421247,-0.994457883,0.21,0.16
12,6,0.21,0.71,0,1,0.29,0.21,42,0,1,0.24,0.64,0.48,-0.03,0.33,3,24,0.21,0.71,-0.806421247,0.55338472,0.21,0.29
1,1,0.34,0.68,0,1,0.16,0.18,42,0,0,0.58,0.59,0.38,-0.24,0.3,1,24,0.34,0.68,-0.412463129,0.467698799,0.34,0.32
5,3,0.15,0.12,0,0,0.35,0.38,42,0,0,0.29,0.28,0.29,-0.14,-0.26,3,24,0.15,0.12,-1.036433389,-1.174986792,0.15,0.12
2,1,0.61,0.4,1,0,0.11,0.1,42,0,1,0.29,0.61,0.54,0.32,0.02,1,24,0.61,0.4,0.279319034,-0.253347103,0.39,0.4
10,5,0.61,0.47,1,0,0.11,0.03,42,0,1,0.29,0.64,0.55,0.32,0.09,2,24,0.61,0.47,0.279319034,-0.075269862,0.39,0.47
6,3,0.64,0.6,1,1,0.14,0.1,42,0,0,0.4,0.4,0.46,0.24,0.22,3,24,0.64,0.6,0.358458793,0.253347103,0.36,0.4
11,6,0.69,0.28,1,0,0.19,0.22,42,0,1,0.41,0.65,0.59,0.28,-0.1,3,24,0.69,0.28,0.495850347,-0.582841507,0.31,0.28
8,4,1,1,1,1,0.5,0.5,43,1,0,0.87,0.84,0.93,0.13,0.62,1,25,0.999,0.999,3.090232306,3.090232306,0,0
4,2,1,1,1,1,0.5,0.5,43,1,0,0.98,0.46,0.75,0.02,0.62,2,25,0.999,0.999,3.090232306,3.090232306,0,0
3,2,0,0,0,0,0.5,0.5,43,0,0,0.26,0.15,0.13,-0.26,-0.38,2,25,0.001,0.001,-3.090232306,-3.090232306,0,0
6,3,0.01,1,0,1,0.49,0.5,43,0,0,0.03,0.07,0.22,-0.02,0.62,3,25,0.01,0.999,-2.326347874,3.090232306,0.01,0
7,4,0,0.01,0,0,0.5,0.49,43,1,0,0.82,0.31,0.68,-0.82,-0.37,1,25,0.001,0.01,-3.090232306,-2.326347874,0,0.01
2,1,0.01,0.98,0,1,0.49,0.48,43,1,1,0.9,0.92,0.92,-0.89,0.6,1,25,0.01,0.98,-2.326347874,2.053748911,0.01,0.02
9,5,0,1,0,1,0.5,0.5,43,0,1,0.3,0.72,0.64,-0.3,0.62,2,25,0.001,0.999,-3.090232306,3.090232306,0,0
5,3,1,0,1,0,0.5,0.5,43,1,1,0.94,0.95,0.93,0.06,-0.38,3,25,0.999,0.001,3.090232306,-3.090232306,0,0
12,6,1,0.99,1,1,0.5,0.49,43,1,1,0.94,0.92,0.88,0.06,0.61,3,25,0.999,0.99,3.090232306,2.326347874,0,0.01
10,5,0.99,0.04,1,0,0.49,0.46,43,0,1,0.18,0.71,0.57,0.81,-0.34,2,25,0.99,0.04,2.326347874,-1.750686071,0.01,0.04
11,6,0,0,0,0,0.5,0.5,43,1,1,0.78,0.81,0.96,-0.78,-0.38,3,25,0.001,0.001,-3.090232306,-3.090232306,0,0
1,1,1,0,1,0,0.5,0.5,43,1,1,0.86,0.82,0.88,0.14,-0.38,1,25,0.999,0.001,3.090232306,-3.090232306,0,0
6,3,0.16,0.16,0,0,0.34,0.34,45,1,0,0.75,0.4,0.81,-0.59,-0.22,3,26,0.16,0.16,-0.994457883,-0.994457883,0.16,0.16
4,2,0.84,0.19,1,0,0.34,0.31,45,0,0,0.51,0.51,0.52,0.33,-0.19,2,26,0.84,0.19,0.994457883,-0.877896295,0.16,0.19
2,1,0.16,0.17,0,0,0.34,0.33,45,0,0,0.5,0.5,0.52,-0.34,-0.21,1,26,0.16,0.17,-0.994457883,-0.954165253,0.16,0.17
9,5,0.8,0.8,1,1,0.3,0.3,45,0,0,0.48,0.47,0.49,0.32,0.42,2,26,0.8,0.8,0.841621234,0.841621234,0.2,0.2
7,4,0.16,0.82,0,1,0.34,0.32,45,0,0,0.47,0.48,0.46,-0.31,0.44,1,26,0.16,0.82,-0.994457883,0.915365088,0.16,0.18
10,5,0.13,0.2,0,0,0.37,0.3,45,0,0,0.49,0.51,0.49,-0.36,-0.18,2,26,0.13,0.2,-1.126391129,-0.841621234,0.13,0.2
1,1,0.87,0.85,1,1,0.37,0.35,45,0,0,0.47,0.48,0.47,0.4,0.47,1,26,0.87,0.85,1.126391129,1.036433389,0.13,0.15
5,3,0.83,0.8,1,1,0.33,0.3,45,0,0,0.46,0.45,0.44,0.37,0.42,3,26,0.83,0.8,0.954165253,0.841621234,0.17,0.2
11,6,0.83,0.13,1,0,0.33,0.37,45,0,0,0.43,0.44,0.44,0.4,-0.25,3,26,0.83,0.13,0.954165253,-1.126391129,0.17,0.13
12,6,0.17,0.87,0,1,0.33,0.37,45,0,0,0.52,0.53,0.52,-0.35,0.49,3,26,0.17,0.87,-0.954165253,1.126391129,0.17,0.13
3,2,0.13,0.78,0,1,0.37,0.28,45,0,0,0.51,0.54,0.5,-0.38,0.4,2,26,0.13,0.78,-1.126391129,0.772193214,0.13,0.22
8,4,0.83,0.14,1,0,0.33,0.36,45,0,0,0.48,0.49,0.47,0.35,-0.24,1,26,0.83,0.14,0.954165253,-1.080319341,0.17,0.14
5,3,0.1,0.11,0,0,0.4,0.39,46,1,0,0.41,0.14,0.33,-0.31,-0.27,3,27,0.1,0.11,-1.281551566,-1.22652812,0.1,0.11
10,5,0.06,0.08,0,0,0.44,0.42,46,0,1,0.03,0.39,0.34,0.03,-0.3,2,27,0.06,0.08,-1.554773595,-1.40507156,0.06,0.08
9,5,0.1,0.55,1,1,0.4,0.05,46,1,1,0.32,0.36,0.33,-0.22,0.17,2,27,0.1,0.55,-1.281551566,0.125661347,0.9,0.45
2,1,0.08,0.1,0,0,0.42,0.4,46,1,0,0.36,0.08,0.3,-0.28,-0.28,1,27,0.08,0.1,-1.40507156,-1.281551566,0.08,0.1
6,3,0.54,0.47,1,1,0.04,0.03,46,1,1,0.34,0.57,0.36,0.2,0.09,3,27,0.54,0.47,0.100433721,-0.075269862,0.46,0.53
3,2,0.39,0.09,1,0,0.11,0.41,46,0,1,0.16,0.58,0.4,0.23,-0.29,2,27,0.39,0.09,-0.279319034,-1.340755034,0.61,0.09
1,1,0.39,0.5,1,1,0.11,0,46,0,1,0.09,0.28,0.38,0.3,0.12,1,27,0.39,0.5,-0.279319034,0,0.61,0.5
8,4,0.06,0.46,0,1,0.44,0.04,46,0,1,0.04,0.51,0.43,0.02,0.08,1,27,0.06,0.46,-1.554773595,-0.100433721,0.06,0.54
12,6,0.06,0.4,0,1,0.44,0.1,46,1,1,0.3,0.38,0.35,-0.24,0.02,3,27,0.06,0.4,-1.554773595,-0.253347103,0.06,0.6
4,2,0.11,0.34,0,1,0.39,0.16,46,0,1,0.11,0.37,0.25,0,-0.04,2,27,0.11,0.34,-1.22652812,-0.412463129,0.11,0.66
7,4,0.4,0.12,1,0,0.1,0.38,46,1,1,0.3,0.35,0.36,0.1,-0.26,1,27,0.4,0.12,-0.253347103,-1.174986792,0.6,0.12
11,6,0.42,0.08,1,0,0.08,0.42,46,1,0,0.37,0.16,0.27,0.05,-0.3,3,27,0.42,0.08,-0.201893479,-1.40507156,0.58,0.08
3,2,0.42,0.26,1,0,0.08,0.24,47,0,1,0.31,0.81,0.5,0.11,-0.12,2,28,0.42,0.26,-0.201893479,-0.643345405,0.58,0.26
8,4,0.44,0.49,1,1,0.06,0.01,47,1,1,0.44,0.46,0.43,0,0.11,1,28,0.44,0.49,-0.150969215,-0.025068908,0.56,0.51
1,1,0.7,0.4,0,0,0.2,0.1,47,1,0,0.69,0.14,0.57,0.01,0.02,1,28,0.7,0.4,0.524400513,-0.253347103,0.7,0.4
10,5,0.48,0.35,1,1,0.02,0.15,47,0,1,0.46,0.69,0.68,0.02,-0.03,2,28,0.48,0.35,-0.050153583,-0.385320466,0.52,0.65
9,5,0.52,0.47,0,0,0.02,0.03,47,1,1,0.72,0.72,0.74,-0.2,0.09,2,28,0.52,0.47,0.050153583,-0.075269862,0.52,0.47
5,3,0.64,0.21,1,0,0.14,0.29,47,0,0,0.66,0.23,0.43,-0.02,-0.17,3,28,0.64,0.21,0.358458793,-0.806421247,0.36,0.21
7,4,0.14,0.18,0,0,0.36,0.32,47,0,0,0.17,0.19,0.22,-0.03,-0.2,1,28,0.14,0.18,-1.080319341,-0.915365088,0.14,0.18
12,6,0.18,0.41,0,1,0.32,0.09,47,0,0,0.16,0.18,0.2,0.02,0.03,3,28,0.18,0.41,-0.915365088,-0.227544977,0.18,0.59
2,1,0.43,0.61,1,1,0.07,0.11,47,1,0,0.7,0.22,0.38,-0.27,0.23,1,28,0.43,0.61,-0.176374165,0.279319034,0.57,0.39
11,6,0.26,0.73,1,0,0.24,0.23,47,1,1,0.73,0.72,0.72,-0.47,0.35,3,28,0.26,0.73,-0.643345405,0.612812991,0.74,0.73
4,2,0.54,0.33,0,1,0.04,0.17,47,0,1,0.17,0.69,0.65,0.37,-0.05,2,28,0.54,0.33,0.100433721,-0.439913166,0.54,0.67
6,3,0.15,0.76,0,1,0.35,0.26,47,1,1,0.73,0.74,0.73,-0.58,0.38,3,28,0.15,0.76,-1.036433389,0.706302563,0.15,0.24
11,6,0.2,0.2,0,0,0.3,0.3,48,1,1,0.5,0.5,0.5,-0.3,-0.18,3,29,0.2,0.2,-0.841621234,-0.841621234,0.2,0.2
5,3,0.5,0.25,1,0,0,0.25,48,1,1,0.5,0.5,0.5,0,-0.13,3,29,0.5,0.25,0,-0.67448975,0.5,0.25
2,1,0.5,0.2,1,0,0,0.3,48,1,1,0.5,0.5,0.5,0,-0.18,1,29,0.5,0.2,0,-0.841621234,0.5,0.2
8,4,0.2,0.2,0,0,0.3,0.3,48,1,1,0.5,0.5,0.5,-0.3,-0.18,1,29,0.2,0.2,-0.841621234,-0.841621234,0.2,0.2
12,6,0.5,0.2,1,1,0,0.3,48,1,1,0.5,0.5,0.5,0,-0.18,3,29,0.5,0.2,0,-0.841621234,0.5,0.8
10,5,0.2,0.51,0,1,0.3,0.01,48,1,1,0.5,0.5,0.5,-0.3,0.13,2,29,0.2,0.51,-0.841621234,0.025068908,0.2,0.49
6,3,0.2,0.5,0,1,0.3,0,48,1,1,0.5,0.5,0.5,-0.3,0.12,3,29,0.2,0.5,-0.841621234,0,0.2,0.5
9,5,0.5,0.2,1,0,0,0.3,48,1,1,0.5,0.5,0.5,0,-0.18,2,29,0.5,0.2,0,-0.841621234,0.5,0.2
3,2,0.5,0.5,1,1,0,0,48,1,1,0.5,0.5,0.5,0,0.12,2,29,0.5,0.5,0,0,0.5,0.5
1,1,0.2,0.5,0,1,0.3,0,48,1,1,0.5,0.51,0.5,-0.3,0.12,1,29,0.2,0.5,-0.841621234,0,0.2,0.5
4,2,0.2,0.2,0,0,0.3,0.3,48,1,1,0.5,0.5,0.5,-0.3,-0.18,2,29,0.2,0.2,-0.841621234,-0.841621234,0.2,0.2
7,4,0.2,0.5,1,1,0.3,0,48,1,1,0.5,0.5,0.5,-0.3,0.12,1,29,0.2,0.5,-0.841621234,0,0.8,0.5
2,1,0.63,0.37,1,0,0.13,0.13,49,1,0,0.59,0.76,0.53,0.04,-0.01,1,30,0.63,0.37,0.331853346,-0.331853346,0.37,0.37
4,2,0.53,0.63,1,1,0.03,0.13,49,0,1,0.02,0.93,0.53,0.51,0.25,2,30,0.53,0.63,0.075269862,0.331853346,0.47,0.37
6,3,0.62,0.28,1,0,0.12,0.22,49,0,1,0.06,0.63,0.37,0.56,-0.1,3,30,0.62,0.28,0.305480788,-0.582841507,0.38,0.28
1,1,0.59,0.25,0,1,0.09,0.25,49,1,1,0.81,0.78,0.64,-0.22,-0.13,1,30,0.59,0.25,0.227544977,-0.67448975,0.59,0.75
12,6,0.64,0.28,1,1,0.14,0.22,49,1,0,0.33,0.48,0.36,0.31,-0.1,3,30,0.64,0.28,0.358458793,-0.582841507,0.36,0.72
3,2,0.36,0.43,0,0,0.14,0.07,49,1,0,0.49,0.27,0.65,-0.13,0.05,2,30,0.36,0.43,-0.358458793,-0.176374165,0.36,0.43
9,5,0.61,0.16,1,1,0.11,0.34,49,0,1,0.47,0.34,0.42,0.14,-0.22,2,30,0.61,0.16,0.279319034,-0.994457883,0.39,0.84
11,6,0.17,0.12,0,0,0.33,0.38,49,0,0,0.05,0.05,0.56,0.12,-0.26,3,30,0.17,0.12,-0.954165253,-1.174986792,0.17,0.12
5,3,0.11,0.49,0,1,0.39,0.01,49,1,0,0.47,0.21,0.45,-0.36,0.11,3,30,0.11,0.49,-1.22652812,-0.025068908,0.11,0.51
7,4,0.56,0.27,0,1,0.06,0.23,49,1,0,0.44,0.25,0.63,0.12,-0.11,1,30,0.56,0.27,0.150969215,-0.612812991,0.56,0.73
10,5,0.12,0.33,0,0,0.38,0.17,49,1,0,0.62,0.09,0.2,-0.5,-0.05,2,30,0.12,0.33,-1.174986792,-0.439913166,0.12,0.33
8,4,0.62,0.83,1,0,0.12,0.33,49,1,1,0.72,0.75,0.31,-0.1,0.45,1,30,0.62,0.83,0.305480788,0.954165253,0.38,0.83
5,3,0.4,0.61,0,1,0.1,0.11,51,1,0,0.58,0.45,0.5,-0.18,0.23,3,31,0.4,0.61,-0.253347103,0.279319034,0.4,0.39
12,6,0.62,0.47,1,0,0.12,0.03,51,0,0,0.5,0.5,0.5,0.12,0.09,3,31,0.62,0.47,0.305480788,-0.075269862,0.38,0.47
6,3,0.64,0.46,1,0,0.14,0.04,51,0,0,0.5,0.5,0.5,0.14,0.08,3,31,0.64,0.46,0.358458793,-0.100433721,0.36,0.46
2,1,0.61,0.48,1,0,0.11,0.02,51,0,1,0.41,0.59,0.49,0.2,0.1,1,31,0.61,0.48,0.279319034,-0.050153583,0.39,0.48
8,4,0.65,0.68,1,1,0.15,0.18,51,0,0,0.5,0.5,0.5,0.15,0.3,1,31,0.65,0.68,0.385320466,0.467698799,0.35,0.32
4,2,0.47,0.42,0,0,0.03,0.08,51,0,0,0.5,0.5,0.5,-0.03,0.04,2,31,0.47,0.42,-0.075269862,-0.201893479,0.47,0.42
1,1,0.44,0.62,0,1,0.06,0.12,51,0,0,0.5,0.5,0.5,-0.06,0.24,1,31,0.44,0.62,-0.150969215,0.305480788,0.44,0.38
10,5,0.41,0.44,0,0,0.09,0.06,51,0,0,0.5,0.5,0.5,-0.09,0.06,2,31,0.41,0.44,-0.227544977,-0.150969215,0.41,0.44
3,2,0.49,0.52,1,1,0.01,0.02,51,0,0,0.37,0.36,0.37,0.12,0.14,2,31,0.49,0.52,-0.025068908,0.050153583,0.51,0.48
11,6,0.46,0.56,0,1,0.04,0.06,51,0,0,0.5,0.5,0.5,-0.04,0.18,3,31,0.46,0.56,-0.100433721,0.150969215,0.46,0.44
9,5,0.52,0.59,1,1,0.02,0.09,51,0,0,0.5,0.5,0.5,0.02,0.21,2,31,0.52,0.59,0.050153583,0.227544977,0.48,0.41
7,4,0.39,0.36,0,0,0.11,0.14,51,0,0,0.41,0.41,0.42,-0.02,-0.02,1,31,0.39,0.36,-0.279319034,-0.358458793,0.39,0.36
11,6,0.8,0.58,1,0,0.3,0.08,54,1,0,0.57,0.21,0.49,0.23,0.2,3,32,0.8,0.58,0.841621234,0.201893479,0.2,0.58
5,3,0.85,0.5,1,0,0.35,0,54,1,0,0.54,0.46,0.5,0.31,0.12,3,32,0.85,0.5,1.036433389,0,0.15,0.5
8,4,0.8,0.8,1,1,0.3,0.3,54,1,0,0.68,0.57,0.54,0.12,0.42,1,32,0.8,0.8,0.841621234,0.841621234,0.2,0.2
9,5,0.72,0.74,1,1,0.22,0.24,54,1,1,0.64,0.63,0.66,0.08,0.36,2,32,0.72,0.74,0.582841507,0.643345405,0.28,0.26
7,4,0.45,0.39,0,0,0.05,0.11,54,1,1,0.77,0.76,0.79,-0.32,0.01,1,32,0.45,0.39,-0.125661347,-0.279319034,0.45,0.39
3,2,0.47,0.6,0,0,0.03,0.1,54,0,1,0.43,0.72,0.57,0.04,0.22,2,32,0.47,0.6,-0.075269862,0.253347103,0.47,0.6
2,1,0.55,0.74,0,1,0.05,0.24,54,1,1,0.64,0.68,0.73,-0.09,0.36,1,32,0.55,0.74,0.125661347,0.643345405,0.55,0.26
6,3,0.45,0.67,0,1,0.05,0.17,54,1,0,0.68,0.42,0.62,-0.23,0.29,3,32,0.45,0.67,-0.125661347,0.439913166,0.45,0.33
4,2,0.7,0.72,1,1,0.2,0.22,54,0,1,0.51,0.72,0.65,0.19,0.34,2,32,0.7,0.72,0.524400513,0.582841507,0.3,0.28
1,1,0.78,0.48,1,0,0.28,0.02,54,1,0,0.7,0.59,0.65,0.08,0.1,1,32,0.78,0.48,0.772193214,-0.050153583,0.22,0.48
12,6,0.49,0.81,0,1,0.01,0.31,54,1,1,0.68,0.68,0.66,-0.19,0.43,3,32,0.49,0.81,-0.025068908,0.877896295,0.49,0.19
10,5,0.52,0.48,0,0,0.02,0.02,54,1,1,0.75,0.69,0.67,-0.23,0.1,2,32,0.52,0.48,0.050153583,-0.050153583,0.52,0.48
8,4,0.95,0.95,1,0,0.45,0.45,56,1,0,0.75,0.35,0.9,0.2,0.57,1,33,0.95,0.95,1.644853627,1.644853627,0.05,0.95
1,1,0.95,0.96,1,0,0.45,0.46,56,0,1,0.4,0.85,0.8,0.55,0.58,1,33,0.95,0.96,1.644853627,1.750686071,0.05,0.96
9,5,0.95,0.95,1,1,0.45,0.45,56,0,1,0.5,0.9,0.8,0.45,0.57,2,33,0.95,0.95,1.644853627,1.644853627,0.05,0.05
7,4,0.8,0.98,0,1,0.3,0.48,56,1,1,0.91,0.95,1,-0.11,0.6,1,33,0.8,0.98,0.841621234,2.053748911,0.8,0.02
3,2,0.74,0.88,0,0,0.24,0.38,56,0,1,0.27,0.9,0.6,0.47,0.5,2,33,0.74,0.88,0.643345405,1.174986792,0.74,0.88
12,6,0.97,0.76,1,0,0.47,0.26,56,1,0,0.89,0.18,0.69,0.08,0.38,3,33,0.97,0.76,1.880793608,0.706302563,0.03,0.76
4,2,0.85,0.84,1,1,0.35,0.34,56,0,1,0.4,0.89,0.82,0.45,0.46,2,33,0.85,0.84,1.036433389,0.994457883,0.15,0.16
6,3,0.74,0.85,0,0,0.24,0.35,56,1,1,0.84,0.79,0.95,-0.1,0.47,3,33,0.74,0.85,0.643345405,1.036433389,0.74,0.85
11,6,0.7,0.86,0,1,0.2,0.36,56,1,0,0.81,0.32,0.66,-0.11,0.48,3,33,0.7,0.86,0.524400513,1.080319341,0.7,0.14
5,3,0.93,0.94,1,1,0.43,0.44,56,1,1,0.88,0.86,0.95,0.05,0.56,3,33,0.93,0.94,1.475791028,1.554773595,0.07,0.06
2,1,0.18,0.97,0,1,0.32,0.47,56,0,1,0.18,0.91,0.73,0,0.59,1,33,0.18,0.97,-0.915365088,1.880793608,0.18,0.03
10,5,0.18,0.75,0,0,0.32,0.25,56,0,1,0.25,0.85,0.55,-0.07,0.37,2,33,0.18,0.75,-0.915365088,0.67448975,0.18,0.75
